place,date_created,text,hashtags,sentiment
Seattle,Wed Jan 14 19:24:25 +0000 2015,#WV Board of Ed votes to reverse inclusion of climate change-denial in science curriculum: http://t.co/HqE2DffJ6S,"[{'text': 'WV', 'indices': [0, 3]}]",1
Seattle,Wed Jan 14 16:25:37 +0000 2015,The US Senate is to vote on whether or not an objective reality exists outside their subjective experience. Really: http://t.co/TQJhTPuIy7,[],1
Seattle,Wed Jan 14 01:23:59 +0000 2015,@towerclimber37 I will leave that to the Discovery Channel: http://t.co/ogSp8eZu26,[],1
Seattle,Wed Jan 14 01:14:51 +0000 2015,#NAME?,[],1
Seattle,Wed Jan 14 01:11:56 +0000 2015,@rubikees More from @NOAA on ocean impacts of climate change: http://t.co/uCLMEGesAx @towerclimber37 @NASA,[],1
Seattle,Wed Jan 14 01:08:33 +0000 2015,"@towerclimber37 So as the climate changes, that proves @NASA is lying? Makes sense if lying means ""able to chart data from thermometers"".",[],1
Seattle,Wed Jan 14 00:59:40 +0000 2015,"Well...@NASA thinks you're wrong: http://t.co/UIJhXHrxIf
@towerclimber37 @rubikees http://t.co/qFnxllHvme",[],1
Seattle,Wed Jan 14 00:57:19 +0000 2015,@towerclimber37 And you also think the military is completely wrong on this? http://t.co/LRtJcHNarN,[],1
Seattle,Wed Jan 14 00:47:11 +0000 2015,@towerclimber37 If there's no climate change...why is the climate changing so much? And the quote? Came from the article you sourced.,[],1
Buffalo,Wed Jan 14 00:31:28 +0000 2015,#NAME?,[],1
Fremont,Tue Feb 03 15:10:03 +0000 2015,Punxsutawney Phil forced at gunpoint to see his own shadow by climate change deniers.,[],1
Seattle,Mon Mar 02 23:34:59 +0000 2015,#NAME?,[],1
Seattle,Mon Mar 02 22:14:10 +0000 2015,"The #EPA, not wanting to be left out, is caught #lying in #court. #NASA #MichaelMann #climate http://t.co/IUfkVxEXGe https://t.co/hsEXWgAvAU","[{'text': 'EPA', 'indices': [4, 8]}, {'text': 'lying', 'indices': [48, 54]}, {'text': 'court', 'indices': [58, 64]}, {'text': 'NASA', 'indices': [66, 71]}, {'text': 'MichaelMann', 'indices': [72, 84]}, {'text': 'climate', 'indices': [85, 93]}]",1
Providence,Mon Mar 02 15:04:33 +0000 2015,Protestors critical of Sen. Whitehouse’s stance on natural gas interrupt speech at Yale; call him 'climate clown.' http://t.co/DUpTy8u1kR,[],1
Seattle,Mon Mar 02 04:00:38 +0000 2015,"emissions, a Reuters/IPSOS poll has found. Article: http://t.co/lY4XFPBtrQ",[],1
Seattle,Mon Mar 02 04:00:01 +0000 2015,Significant majority of Americans say combating climate change is a moral issue that obligates them – &amp;d world leaders – to reduce carbon,[],1
Seattle,Wed Apr 08 21:59:34 +0000 2015,Wild swings of climate results in wild swings on the c-market #SCAASymposium http://t.co/FrNO10RUOO,"[{'text': 'SCAASymposium', 'indices': [62, 76]}]",1
Seattle,Wed Apr 08 17:31:53 +0000 2015,It's not too late to start acting against climate change -- #ClimateChange Discussion Panel @ #NEES2015,"[{'text': 'ClimateChange', 'indices': [60, 74]}, {'text': 'NEES2015', 'indices': [94, 103]}]",1
Seattle,Wed Apr 08 04:06:11 +0000 2015,"Decline in #glaciation
Rise in #icebergs
Bump in #ElectricCars
#ClimateChange related #ngrams https://t.co/1pSZ3qhITY http://t.co/6UcKmvsf7O","[{'text': 'glaciation', 'indices': [11, 22]}, {'text': 'icebergs', 'indices': [31, 40]}, {'text': 'ElectricCars', 'indices': [49, 62]}, {'text': 'ClimateChange', 'indices': [63, 77]}, {'text': 'ngrams', 'indices': [86, 93]}]",1
Seattle,Wed Apr 08 00:45:46 +0000 2015,"""As oil insecurity deepens, extraction risks of fossil fuels rise, &amp; concerns about climate instability cast a shadow over future of coal",[],1
Seattle,Fri May 01 16:51:37 +0000 2015,#NAME?,[],1
Seattle,Thu Jun 04 06:29:32 +0000 2015,http://t.co/jtSLuGWwTT http://t.co/axLpqnOLI7,[],1
Seattle,Thu Jun 04 02:00:19 +0000 2015,Are all these climate changes due to global warming? Not according to @CliffMass #CivicCocktail,"[{'text': 'CivicCocktail', 'indices': [81, 95]}]",-1
Seattle,Thu Jun 04 01:15:23 +0000 2015,.@GovInslee says public's perception of climate change has changed. Politics stayed the same.  #CivicCocktail,"[{'text': 'CivicCocktail', 'indices': [95, 109]}]",1
Seattle,Wed Jul 08 21:37:41 +0000 2015,"After judge's ruling, kids to meet w/WA Ecology chief re kids' lawsuit to curb climate change. @WesternLaw http://t.co/9UHGxcN4Ad @sejorg",[],1
Seattle,Tue Sep 01 23:58:51 +0000 2015,Sea otters help fight #climatechange! Learn more at http://t.co/4slhTl1amB &amp; watch @PBS #BigBlueLive at 8pm. #CuteOff http://t.co/Ftucn9dNby,"[{'text': 'climatechange', 'indices': [22, 36]}, {'text': 'BigBlueLive', 'indices': [92, 104]}, {'text': 'CuteOff', 'indices': [113, 121]}]",1
Buffalo,Tue Sep 01 19:31:07 +0000 2015,@TierneyAva it's to talk about Global Climate Change that's destroying the world,[],1
Seattle,Tue Sep 01 09:48:57 +0000 2015,"#Shell uses science to predict both weather during ops &amp; climate of Arctic, too
@Polar_Pioneer @ARorganizer @wakiyan7 http://t.co/bgaxGONjYg","[{'text': 'Shell', 'indices': [0, 6]}]",-1
Seattle,Tue Sep 01 00:14:20 +0000 2015,#NAME?,[],1
Providence,Sat Oct 17 04:07:36 +0000 2015,"Richard Primack speaks about ""Using the plants and animals of Thoreau's Concord to communicate climate change"" on Mon 10/19 @ 4pm in CAS 226",[],1
Providence,Sat Oct 17 04:05:47 +0000 2015,Next week @ BU Seminar Series on Climate Change we have Prof. Richard Primack. Mon 10/19 @ 4pm CAS rm 226.,[],1
Seattle,Sat Oct 17 00:48:49 +0000 2015,Have you met #TPP? Uncle Pennybags introduced his new pet trade deal before the #SeattlePCM Climate March this week. https://t.co/x3evwnJ4nt,"[{'text': 'TPP', 'indices': [13, 17]}, {'text': 'SeattlePCM', 'indices': [80, 91]}]",1
Seattle,Sat Oct 17 00:43:29 +0000 2015,"ICYMI, photos of the #SeattlePCM Climate March on Wednesday! #ClimateJustice, No #TPP, #PeoplesClimate #Trade4People http://t.co/wEBLperEYR","[{'text': 'SeattlePCM', 'indices': [21, 32]}, {'text': 'ClimateJustice', 'indices': [61, 76]}, {'text': 'TPP', 'indices': [81, 85]}, {'text': 'PeoplesClimate', 'indices': [87, 102]}, {'text': 'Trade4People', 'indices': [103, 116]}]",1
Seattle,Mon Nov 23 22:08:45 +0000 2015,"They must not have children ""@thinkprogress: The climate financing Senate Repubs have pledged to block is key… https://t.co/UH7v6avSH3""",[],1
Seattle,Mon Nov 23 17:40:10 +0000 2015,After #KeystoneXL - next big #climate fight will center on US #coal. https://t.co/PaYyAmcYrT @greenpeaceusa @AnnieMLeonard @PowerPastCoal,"[{'text': 'KeystoneXL', 'indices': [6, 17]}, {'text': 'climate', 'indices': [29, 37]}, {'text': 'coal', 'indices': [62, 67]}]",1
Seattle,Mon Nov 23 15:10:05 +0000 2015,"https://t.co/98z4BhrGRF America is not a planet, Republicans do not live on Earth.",[],1
Seattle,Wed Dec 02 20:04:46 +0000 2015,Where's #tomcruise when they need him?: @WorldCoal Assn faces Mission Impossible @ Paris #climate talks https://t.co/1jNj1nHRjr @BobBurtonoz,"[{'text': 'tomcruise', 'indices': [8, 18]}, {'text': 'climate', 'indices': [89, 97]}]",1
Seattle,Wed Dec 02 19:16:33 +0000 2015,Exposing big #oil as big #tobacco https://t.co/8hmprC0gM9 @Bloomberg #ExxonKnew @billmckibben @350 https://t.co/vtRARJAiMu,"[{'text': 'oil', 'indices': [13, 17]}, {'text': 'tobacco', 'indices': [25, 33]}, {'text': 'ExxonKnew', 'indices': [69, 79]}]",1
Seattle,Wed Dec 02 18:45:13 +0000 2015,Businesses waking up to need for and opportunities from #ClimateAction https://t.co/5df8302MGj @NPR @WMBtweets @BillGates #COP21,"[{'text': 'ClimateAction', 'indices': [56, 70]}, {'text': 'COP21', 'indices': [122, 128]}]",1
Buffalo,Wed Dec 02 18:01:33 +0000 2015,"Were they ""more likely than not generally aware"" of climate change? https://t.co/PP9tUxzv5a",[],1
Seattle,Wed Dec 02 11:39:03 +0000 2015,"Millions fleeing climate-related disasters face legal limbo if they seek refuge abroad, Katy Daigle reports https://t.co/rg4DwR3h8d",[],1
Seattle,Wed Dec 02 07:01:46 +0000 2015,@350 step one: make friends with someone who doesn't believe in climate change,[],1
Seattle,Wed Dec 02 06:52:02 +0000 2015,"Why did God give us such A-holes in Congress? Oh, yes…Free Will, $greed, and anti-socialism. @politico House/climate disapproval resolutions",[],1
Seattle,Wed Dec 02 04:55:09 +0000 2015,"@SpeakerRyan so U're worried about economy &amp; jobs, not climate! WHERE ARE THOSE GOP JOBS BILLS?",[],1
Seattle,Wed Dec 02 03:42:08 +0000 2015,"This is rad. See, the world's gonna get better! Slowly, but surely. Cc: @reyesalyssa https://t.co/OaRb3hBwvt",[],1
Seattle,Wed Dec 02 03:15:26 +0000 2015,"Never Mind the Paris Climate Summit, the Documentary Bikes vs. Cars Shows How Fucked We Really Are https://t.co/j58CQoIlJl",[],1
Seattle,Thu Feb 06 09:56:34 +0000 2014,How Much Power Do Cities Really Have to Combat Climate Change? http://t.co/i26x61aGO1,[],1
Seattle,Thu Feb 06 06:14:54 +0000 2014,@jseattle @CDNews @strangerslog @seva101 @350seattle @cmkshama Community Climate Forum on Feb 25th http://t.co/Uq6I6ELwaV,[],1
Seattle,Thu Feb 06 06:05:12 +0000 2014,The first @CityofSeattle Community Climate Forum is on 2014-02-25 w/ @CMMikeOBrien &amp; @sallybagshaw http://t.co/Uq6I6ELwaV RSVP: 206.233.7014,[],1
Providence,Thu Feb 06 05:31:03 +0000 2014,@GalGadot shift of light and climate http://t.co/xsN7wejWXK,[],0
Seattle,Thu Feb 06 02:07:07 +0000 2014,Zadie Smith short story about climate change in this week's New Yorker http://t.co/WVDYW7Goeh,[],1
Providence,Wed Mar 05 22:27:22 +0000 2014,Keystone XL pipeline protest held in South County; URI divestment decision nears. http://t.co/tfPrvarX5f,[],1
Buffalo,Wed Mar 05 21:39:29 +0000 2014,"I plan on living my later years in a climate where frostbite is not an option.
#FrostFree","[{'text': 'FrostFree', 'indices': [79, 89]}]",1
Seattle,Wed Mar 05 21:08:13 +0000 2014,@HuffingtonPost -Chocolate THEN water!? JUST water would've been sufficient. Climate Change will ruin these foods! http://t.co/rFyimV1zJH,[],1
Seattle,Mon May 05 21:13:31 +0000 2014,#eco via .@thinkprogress: This small island territory just created the world’s largest protected marine park http://t.co/dcqZibPuyE,"[{'text': 'eco', 'indices': [0, 4]}]",1
Providence,Mon May 05 12:27:07 +0000 2014,"Invasive species tree-of-heaven is no angel, and it's making its way toward us. http://t.co/E1h8iix97n",[],1
Seattle,Mon May 05 04:48:11 +0000 2014,Well... I guess time for some dumb climate change denier articles tomorrow?,[],1
Providence,Mon May 05 04:47:17 +0000 2014,Our impact on the climate is real. Time to get our act together. #environment #climatechange #responsibility http://t.co/VWHW7jf3Zh,"[{'text': 'environment', 'indices': [65, 77]}, {'text': 'climatechange', 'indices': [78, 92]}, {'text': 'responsibility', 'indices': [93, 108]}]",1
Seattle,Sun Jun 22 21:05:25 +0000 2014,"The Coming Climate Crash, via @nytimes http://t.co/qoJYk7VP3u",[],1
Seattle,Sat Jul 19 18:15:12 +0000 2014,"""Using the Espionage Act as if it were an Official Secrets Act to suppress #Climate Change dooms our species"" @DanielEllsberg @ioerror","[{'text': 'Climate', 'indices': [75, 83]}]",1
Seattle,Wed Aug 06 22:06:43 +0000 2014,@thisishellradio #Climate punk http://t.co/vZPX1i51hJ #CliFi oh my,"[{'text': 'Climate', 'indices': [17, 25]}, {'text': 'CliFi', 'indices': [54, 60]}]",1
Seattle,Wed Aug 06 18:41:41 +0000 2014,"Human capital sub-frame: capacity, capability, climate of affect, culture of momentum. #lac14","[{'text': 'lac14', 'indices': [87, 93]}]",0
Seattle,Wed Aug 06 18:23:03 +0000 2014,"African negotiators urge U.S. leadership for U.N. climate deal
http://t.co/kWjgctLAuk",[],1
Seattle,Wed Aug 06 05:02:53 +0000 2014,Working with APIs that access wx and climate data? Have I got a session for your at #AMS2015 - http://t.co/AV8TtR88TH #wx #climate,"[{'text': 'AMS2015', 'indices': [84, 92]}, {'text': 'wx', 'indices': [118, 121]}, {'text': 'climate', 'indices': [122, 130]}]",1
Seattle,Wed Aug 06 04:23:55 +0000 2014,"Counting butterflies to document climate change: Lyrical story by @LyndaVMapes, visuals / me http://t.co/bCBVKvbGrq  http://t.co/XtdXCcsmLQ",[],1
Seattle,Wed Aug 06 03:39:09 +0000 2014,Scientist on Rainier chases climate change’s butterfly effect: A biologist hikes around Mount Rainier to log... http://t.co/JoZkdSXPfC,[],1
Seattle,Thu Sep 04 15:01:38 +0000 2014,"Hank Paulson, ex-SecTreasury - #Climate may be worse than financial crisis - No government fixes can be implemented once impact occurrs","[{'text': 'Climate', 'indices': [31, 39]}]",1
Seattle,Thu Sep 04 14:50:43 +0000 2014,"Hank Paulson, ex-Sec of the Treasury - IA, IL, IN will see big changes in #agricuture as the result of climate change","[{'text': 'agricuture', 'indices': [74, 85]}]",1
Seattle,Thu Sep 04 14:49:19 +0000 2014,"Hank Paulson, ex-Sec of the Treasury - Risky Business study predicts that climate change will result in big changes for business.",[],1
Seattle,Thu Sep 04 14:46:07 +0000 2014,"Hank Paulson, former Sec Treasury - We have a growing climate crisis--a risk to the quality of all of our lives",[],1
Seattle,Thu Sep 04 13:49:33 +0000 2014,"Small island minister expected ""solidarity, not excuses"" frm China, India leaders who are skipping @UN #climate meet: http://t.co/pTp0Vo6veW","[{'text': 'climate', 'indices': [103, 111]}]",1
Providence,Fri Oct 24 21:52:59 +0000 2014,#NAME?,[],1
Seattle,Fri Oct 24 17:21:23 +0000 2014,Real Change for a Changing Climate: *Efficient* urbanization is key http://t.co/gttlPgCn5n via @archpaper,[],1
Seattle,Fri Oct 24 02:17:38 +0000 2014,"@the_april people who say seattle is always rainy miss the point that our climate is much closer to ""all of the weather all of the time""",[],0
Seattle,Tue Nov 11 20:14:39 +0000 2014,.@SeaGlobalist here's an interesting perspective on #climatechange and #socialjustice: http://t.co/81E3iGDMCB + http://t.co/xCgcvvq39W,"[{'text': 'climatechange', 'indices': [52, 66]}, {'text': 'socialjustice', 'indices': [71, 85]}]",1
Seattle,Tue Nov 11 18:14:02 +0000 2014,.@WCVoters here's an interesting perspective on #climatechange and #socialjustice: http://t.co/81E3iGDMCB + http://t.co/xCgcvvq39W,"[{'text': 'climatechange', 'indices': [48, 62]}, {'text': 'socialjustice', 'indices': [67, 81]}]",1
Seattle,Tue Nov 11 18:13:22 +0000 2014,.@wecprotects here's an interesting perspective on #climatechange and #socialjustice: http://t.co/81E3iGDMCB + http://t.co/xCgcvvq39W,"[{'text': 'climatechange', 'indices': [51, 65]}, {'text': 'socialjustice', 'indices': [70, 84]}]",1
Seattle,Tue Nov 11 18:12:17 +0000 2014,@WashingtonCAN here's an interesting perspective on #climatechange and #socialjustice: http://t.co/81E3iGDMCB + http://t.co/xCgcvvq39W,"[{'text': 'climatechange', 'indices': [52, 66]}, {'text': 'socialjustice', 'indices': [71, 85]}]",1
Seattle,Tue Nov 11 18:11:58 +0000 2014,.@climatesolution here's an interesting perspective on #climatechange and #socialjustice: http://t.co/81E3iGDMCB + http://t.co/xCgcvvq39W,"[{'text': 'climatechange', 'indices': [55, 69]}, {'text': 'socialjustice', 'indices': [74, 88]}]",1
Buffalo,Tue Nov 11 16:00:09 +0000 2014,"@wgrzMichael @WGRZ The No. 1 factor is gas taxes.  No. 2 is the hostile business climate, regulations, taxes, lawsuits. No. 3 is look at 1 2",[],1
Seattle,Tue Dec 23 23:13:51 +0000 2014,"I bet now that Santa's habitat is being threatened by climate change, he's really reconsidering the whole 'coal for bad kids' thing.",[],1
Seattle,Tue Dec 23 22:57:13 +0000 2014,@Alex_Verbeek Map shows dangerous #arctic warming feedback loop http://t.co/jNNaRBtcdh  #climate #science,"[{'text': 'arctic', 'indices': [34, 41]}, {'text': 'climate', 'indices': [88, 96]}, {'text': 'science', 'indices': [97, 105]}]",1
Providence,Tue Dec 23 13:01:06 +0000 2014,Marshes and buildings competing for shoreline survival. http://t.co/8X7qJmYwRq,[],1
Seattle,Tue Dec 23 07:30:03 +0000 2014,How Human Psychology Holds Back Climate Change Action http://t.co/oKqnrV0kfy,[],1
Seattle,Tue Dec 23 06:09:43 +0000 2014,"Trying to eat less meat... Time to act and check self about animal abuse, climate change, pollution, heath impacts etc...",[],1
Seattle,Tue Dec 23 00:04:50 +0000 2014,@ClimateReality the reality of our situation is that the USA spies on other nations at climate summits. @JohnKerry called #Snowden a traitor,"[{'text': 'Snowden', 'indices': [122, 130]}]",1
Seattle,Wed Jan 03 07:03:37 +0000 2018,Proud of the City of Seattle for publishing deleted EPA’s Climate Change site.  #ClimateChangeIsReal #GlobalWarming #cityofseattle suckitpruitt  https://t.co/lgQjJhzN9D,"[{'text': 'ClimateChangeIsReal', 'indices': [80, 100]}, {'text': 'GlobalWarming', 'indices': [101, 115]}]",1
Buffalo,Wed Jan 03 04:19:19 +0000 2018,Avg temp 9 degrees=climate change #brrr,"[{'text': 'brrr', 'indices': [34, 39]}]",-1
Seattle,Sun Mar 04 14:02:32 +0000 2018,"Seven things to know about climate change, from @NatGeo

1. The world is getting warmer
2. It's because of us
3. We're sure
4. Ice is melting fast
5. Weather is wreaking havoc
6. Species are being disrupted
7. We can do something about it

#ActOnClimate

https://t.co/UCHmJsRqvw",[],1
Seattle,Sun Mar 04 13:48:42 +0000 2018,"@NWSSeattle All 16 years of the 21st century rank among the 17 warmest on record, globally.

Why aren’t there links to this from any @NWS account (or any other @Twitter account, for that matter)? @NOAAClimate 

https://t.co/e8EIJEHvs1 https://t.co/sa3M2cUsyN",[],1
Seattle,Sun Mar 04 13:29:00 +0000 2018,#NAME?,[],1
Buffalo,Sun Mar 04 10:38:59 +0000 2018,Weather doesn’t equal climate #TriggerAConservativeIn4Words,"[{'text': 'TriggerAConservativeIn4Words', 'indices': [30, 59]}]",1
Seattle,Sun Mar 04 06:02:49 +0000 2018,Well we all knew the @SecretaryZinke @Interior “review” had a predetermined outcome for #BearsEars based on #OilAndGas https://t.co/z3T38sndzi,"[{'text': 'BearsEars', 'indices': [88, 98]}]",1
Seattle,Sun Mar 04 03:11:37 +0000 2018,"En route to Edmonton, Canada to present at the first ever @Cities_IPCC Conference - excited to talk about #climate resilience, informality, and inclusion in Pacific cities! Come along if you can: Salon 10, Day 1, 1-2:30pm. #CitiesIPCC https://t.co/Ar7YBuyUaE","[{'text': 'climate', 'indices': [106, 114]}]",1
Seattle,Tue Apr 24 23:58:42 +0000 2018,As a piece of action research I would like to find out if school climate improves with the removal of standardized testing @WaBATs_ @JessedHagopian #betterthantesting,[],0
Seattle,Tue Apr 24 22:46:43 +0000 2018,"@dseater I noticed.

@MayorJenny's #Climate Plan leaves out ordinary people who must walk, bike, and use transit. That includes our kids, other-abled, elders, and people with fewer resources. #Equity matters.","[{'text': 'Climate', 'indices': [35, 43]}]",1
Seattle,Tue Apr 24 19:05:06 +0000 2018,#NAME?,[],1
Seattle,Tue Apr 24 19:04:10 +0000 2018,One of the most worrisome predictions about climate change may be coming true https://t.co/NpeEPIV1Ad,[],1
Seattle,Tue Apr 24 18:05:08 +0000 2018,How can voters ensure levy funds are prioritized for #climate #equity #safety &amp; therefore spent first on walk/bike/transit?,"[{'text': 'climate', 'indices': [53, 61]}, {'text': 'equity', 'indices': [62, 69]}, {'text': 'safety', 'indices': [70, 77]}]",1
Seattle,Tue Apr 24 16:32:52 +0000 2018,Burying the Paris Climate Agreement https://t.co/U5KXIQnxUx,[],1
Seattle,Tue Apr 24 14:55:51 +0000 2018,@enjohnston @Climate_Defense @billmckibben @nijhuism @kcgatlarge @350 This is FABULOUS NEWS!!!!!!,[],1
Seattle,Wed May 23 23:29:18 +0000 2018,"This is erosion caused, in part, by rising sea levels due to anthropogenic climate change. Family members scoffed at me when I mentioned this.

Here is literal photographic evidence of the phenomenon. https://t.co/HfEO4j4Hmu",[],1
Providence,Tue Jun 19 20:13:34 +0000 2018,"A main argument for #divesting is that even though money alone can’t fix it, it sure can destroy A LOT. Like this. https://t.co/LYpVQWMAQ8 @TimmonsRoberts @ahlynch4 @GreteKaare @SiriV79 @berichi @GisleAndersen @RosendahlKE @HavardHaarstad","[{'text': 'divesting', 'indices': [20, 30]}]",1
First Hill,Tue Jun 19 15:40:17 +0000 2018,US isn’t in the World Cup. Metaphor for our current socio-economical climate. We’re trash (currently) 🚮,[],0
Seattle,Tue Jun 19 15:34:10 +0000 2018,"Koch Brothers to America: ""Let them eat cars.""

https://t.co/LL833bBxAb https://t.co/WRWmPeHAQI",[],1
Buffalo,Tue Jun 19 14:35:45 +0000 2018,#NAME?,[],0
Seattle,Tue Jun 19 02:48:05 +0000 2018,#NAME?,[],0
Seattle,Tue Jun 19 02:46:11 +0000 2018,#NAME?,[],0
Providence,Mon Jul 02 23:02:08 +0000 2018,Today marks the release of #ResilientRhody - RI’s first statewide climate resilience action strategy. This positions our state as a pioneer and a leader in state-led climate resilience effort in the nation. Thank you @GovRaimondo for your leadership! https://t.co/5U1bGtYkLU https://t.co/eYsZ3RJBSy,"[{'text': 'ResilientRhody', 'indices': [27, 42]}]",1
Seattle,Mon Jul 02 20:25:12 +0000 2018,"@MSNBC Kinda like climate change. Seeing is believing. #HeyNow too little, too late?","[{'text': 'HeyNow', 'indices': [55, 62]}]",1
Seattle,Mon Jul 02 19:01:22 +0000 2018,LISTEN: Urban Climate Change and Our Role as City-Dwellers https://t.co/qiUNG8VneU #LoveTownHall https://t.co/y33jKYKs0B,"[{'text': 'LoveTownHall', 'indices': [83, 96]}]",1
Seattle,Mon Jul 02 17:54:11 +0000 2018,YES! Rhode Island joins the growing wave of legal cases across around the world to hold fossil fuel polluters accountable on climate change! RETWEET if your state or city should do the same! https://t.co/nhljzRxWIp,[],1
Seattle,Mon Jul 02 02:47:50 +0000 2018,Mexico’s social climate starting Dec 1st and for the next six years: Welcome to the hunger games https://t.co/RIcJYP73q2,[],0
Providence,Fri Aug 10 14:58:05 +0000 2018,"Site-Corrected Leaf Wax Biomarker Records Synthesized to Characterize East African Plio-Pleistocene Climate

Monday 4:45
Room 200
👩🏻‍🔬

2/2",[],0
Providence,Fri Aug 10 14:56:29 +0000 2018,Excited for @goldschmidt2018! Join the terrestrial climate session (8L) on Monday ALL DAMN DAY! See talks by @ritwika_s @earth2christine @climategordon @bhpassey @StalagNick @BogFossil and yours truly 1/2,[],1
Seattle,Fri Aug 10 14:41:55 +0000 2018,Y’all really never heard of climate change. Smh https://t.co/3lpWDwSTZO,[],1
Seattle,Fri Aug 10 08:23:31 +0000 2018,"https://t.co/HBye8oDlAA We must rally behind coalitions who work for political reform and political action, or our youngsters will live in Planet Hell.",[],1
Seattle,Fri Aug 10 02:03:15 +0000 2018,"@LeftistArafel @AnnCoulter @IngrahamAngle What makes you think I'm an ""elite""?  Because I challenge the Ann Coulters of the world for their sloppy methodology? I'm a working class old Reagan voter.  btw out of curiosity, John, do you share Coulter's deprecation of evolution &amp; climate science?",[],1
Seattle,Fri Aug 10 01:04:38 +0000 2018,"I like it, but I don’t like why it’s happening. Luckily fuck face @realDonaldTrump wants to contribute more to climate change https://t.co/RTAy9LUdWw",[],1
Seattle,Thu Sep 20 15:01:57 +0000 2018,"Climate Change, Human Health, and Nutrition Wednesday, October 10th. $5 tickets: https://t.co/m3QnuFY76x @vosslerm1 #ClimateChange https://t.co/jXd13i59cz",[],1
Seattle,Thu Sep 20 12:44:05 +0000 2018,The hot take climate on sites like this drives the shitty editorials. Amplify women’s voices instead. https://t.co/ENzy6Kbh28,[],0
Seattle,Sat Oct 13 14:18:55 +0000 2018,These definitions seems particularly poignant in today’s political climate. https://t.co/MajIyCKmNl,[],0
Seattle,Sat Oct 13 14:06:48 +0000 2018,#NAME?,[],0
Providence,Sat Oct 13 05:59:39 +0000 2018,“Don’t give in to [#climatechange] shame. It’s not your fault — the oil and gas industries are just ‘gaslighting’ you. The most recent #IPCC report revealed that a mere 100 companies are responsible for 71% of global climate emissions.” #EndBusinessAsUsual https://t.co/qjcIlScgFm,"[{'text': 'climatechange', 'indices': [19, 33]}]",1
Providence,Sat Oct 13 05:49:43 +0000 2018,"“The dominant narrative around #climatechange is that it’s our fault: We left the lights on, didn’t close the refrigerator, etc. Bullshit. If we had clean energy, who’d care if we left the lights on? The problem isn’t our consumption — it’s THEIR supply.” https://t.co/qjcIlScgFm","[{'text': 'climatechange', 'indices': [31, 45]}]",1
Seattle,Sat Oct 13 03:00:54 +0000 2018,Pollute all the way your kids will never live to see future days; waste climate. Think of your kids stop 🛑 cruising https://t.co/iHorLCo6l5,[],1
Seattle,Sat Oct 13 00:31:50 +0000 2018,"@TomSteyer 2/...for rising tides due to climate change to prove it.
Hold his tax returns to keep him from limiting or firing Mueller. If Trumpf makes one wrong move, you post 20yrs if his tax returns on the house or senate website.
He is an ignoramus so has no idea about what he signs..",[],1
Seattle,Tue Nov 20 16:08:45 +0000 2018,"The time for action on climate is now. Will you support @Ocasio2018, @sunrisemvmt, &amp; @justicedems resolution to form a Select Committee for a #GreenNewDeal? https://t.co/wfzvkm0iuT @RepJayapal #CaliforniaFires",[],1
Providence,Tue Nov 20 15:29:32 +0000 2018,"The #IMF says *indirect* global #fossilfuel #subsidies — such as the cost of protecting oil shipping-routes, or the “externalized” (unaccounted) costs of fossil fuels’ health and climate effects — amount to $5.3 TRILLION a year, dwarfing direct subsidies💸 https://t.co/AzJ4awfqfC","[{'text': 'IMF', 'indices': [4, 8]}, {'text': 'fossilfuel', 'indices': [32, 43]}, {'text': 'subsidies', 'indices': [44, 54]}]",1
Providence,Tue Nov 20 04:47:10 +0000 2018,"Fashion is really a joke right now. If ya’ll spending money in this climate you getting scammed. 

I want pre-‘08 Martin Margiela and nothing else.",[],0
Seattle,Tue Nov 20 00:33:54 +0000 2018,PNW also projects to be one of the most water-secure parts of the country despite changing climate. One of the many reasons that building more housing NOW near biking/walking/transit is a moral obligation. https://t.co/dRRYzh0yic,[],1
Wood Buffalo,Tue Nov 20 00:29:58 +0000 2018,#NAME?,[],0
Buffalo,Mon Dec 17 05:31:56 +0000 2018,"@colemanjbrahski Unless we kill ourselves with climate change, hopefully 😋",[],1
Buffalo,Mon Dec 17 01:28:03 +0000 2018,@baldeaglefreedm @PaulineMirror but climate change still exists sorry :/,[],1
Buffalo,Sun Jun 02 16:14:58 +0000 2013,@Dfin16 he's right. It's not global warming. It's climate change. #PoliticallyCorrect,"[{'text': 'PoliticallyCorrect', 'indices': [66, 85]}]",1
Seattle,Sat Sep 28 16:22:37 +0000 2013,@aitepaeapaea - Climate change research is growing and we need more work I'm understanding it.,[],1
Buffalo,Sat Sep 28 02:14:42 +0000 2013,Good news climate change deniers! Only 10 more years and we hit the point of no return! Your work is almost done. Congratulations!,[],1
Seattle,Tue Oct 01 19:51:08 +0000 2013,"In case anyone was wondering what the real problem is with the current political climate, this sums it up well: http://t.co/HGuNSzQ9Pz",[],0
Seattle,Wed Nov 20 20:43:55 +0000 2013,@STEMConnector #MakerSTEM Given the current climate. How does these ideas equate to career value.,"[{'text': 'MakerSTEM', 'indices': [15, 25]}]",0
Seattle,Wed Nov 20 01:17:59 +0000 2013,#NAME?,[],0
Seattle,Wed Dec 11 01:26:25 +0000 2013,My first post for #Borinqueña! Walking the talk: creating a better climate for women in science http://t.co/1oRsHUNnh3 #WIS #WOCinSTEM,"[{'text': 'Borinqueña', 'indices': [18, 29]}, {'text': 'WIS', 'indices': [119, 123]}, {'text': 'WOCinSTEM', 'indices': [124, 134]}]",0
Buffalo Grove,Tue Jan 03 16:16:32 +0000 2017,"""Trump's decisions [on] NASA 'will be based upon solid science, not politicized science,' like climate change""

https://t.co/CyUvl4M7cY",[],-1
Seattle,Tue Jan 03 02:55:22 +0000 2017,"@deoncloete1 @SpillaneMj @AnotherWheatley @BrianBanks FYI, you're link to a lie. 52 sci's, agreed w/ warming, etc. https://t.co/I5MjRVXSmP",[],1
Seattle,Tue Jan 03 02:03:58 +0000 2017,"Packed crowd at the #Earth2Trump event on climate, social activism at Washington Hall #seattle https://t.co/9NeWzxfmId","[{'text': 'Earth2Trump', 'indices': [20, 32]}, {'text': 'seattle', 'indices': [86, 94]}]",1
Seattle,Thu Feb 02 21:03:55 +0000 2017,#NAME?,[],0
Buffalo,Thu Feb 02 20:23:33 +0000 2017,People are accepting 6 weeks of winter because a woodchuck saw his shadow but climate change isn't real either so cool,[],1
Seattle,Thu Feb 02 14:06:20 +0000 2017,"""SS Fan"". In this current political climate, this is in really poor taste for a Seahawks sticker. https://t.co/6UgcnPXBdG",[],0
Seattle,Thu Feb 02 06:35:40 +0000 2017,What can bring you closer to others? What would it take to bring Americans closer w/ our current political climate?  https://t.co/AHHD4Nropk,[],0
Seattle,Thu Feb 02 00:41:53 +0000 2017,"Big red letter day for Putin. For Russia. For Exxon. For Tillerson. For climate deniers.

Terrible, horrible, very bad day for Planet Earth.",[],1
Buffalo,Sat Mar 11 20:21:20 +0000 2017,Researchers monitor U.S. government for scrubbing of climate change data https://t.co/GdXipiP9NU via @torontostar,[],1
Seattle,Mon Apr 03 21:23:04 +0000 2017,"@AndrewWinston @bradplumer Not sure we will price carbon in the US fast enough to tackle climate. 2 tries, no price.",[],1
Seattle,Mon Apr 03 21:11:04 +0000 2017,"googling ""when will climate change kills us"" to decide if i need to save for retirement or nah",[],1
Seattle,Mon Apr 03 19:14:13 +0000 2017,Ireland don't be stupid and start putting up many visa restrictions. The current climate in the US and UK is a GIFT for your tech economy.,[],0
Seattle,Mon Apr 03 17:40:25 +0000 2017,"@SPLBuzz @seattletimes Climate change witness in a single 100 year old oak. Book launch  4/1, 7 pm at the downtown branch of the Seattle Public Library. https://t.co/T2wL7iUkh3",[],1
Seattle,Mon Apr 03 01:27:45 +0000 2017,Climate change is very real but saying stuff like this is just plain incorrect https://t.co/nKiAVH2WhX,[],1
Seattle,Thu May 04 22:35:44 +0000 2017,Queenie and I are another shot down. DRANK to celebrate the hot garbage of a political climate we're living in. #AMA https://t.co/ESlwzRcIFV,"[{'text': 'AMA', 'indices': [112, 116]}]",0
Seattle,Sat Jun 03 22:46:07 +0000 2017,"Thanks for being one of the good guys, @GovInslee https://t.co/t8w474xGtb",[],1
Seattle,Sat Jun 03 21:37:19 +0000 2017,"Long article, but well worth the read. https://t.co/qUsRwK0BiD",[],1
Seattle,Sat Jun 03 20:10:50 +0000 2017,"NYT explains the roots of the ""Fake Science"" hyperbole on climate change &amp;more. ""...it's difficult to reconcile /1 https://t.co/Vt1VVBUiXk",[],1
Seattle,Sat Jun 03 19:32:11 +0000 2017,@janesinsane I read they don't care about climate change - the just want their WALL.  bwahahahahahah.  That wall is NEVER going to be built. 1/2,[],1
Providence,Sat Jun 03 18:14:23 +0000 2017,"Hmmm, Australia is not exactly a beacon of climate leadership. Probably just grateful for somebody worse to take the heat off https://t.co/ClPzDBM1UN",[],1
Seattle,Sat Jun 03 18:08:29 +0000 2017,Of course Agt. Orange misunderstood the report. He is probably comparable to a 3rd grade reader. This man is DUMB! https://t.co/qZAnZsbA0D,[],1
Providence,Sat Jun 03 18:06:00 +0000 2017,Nice to catch up with @TimmonsRoberts in Providence and then come across this climate demo at #PVDFest2017 https://t.co/mVIU728qA3,"[{'text': 'PVDFest2017', 'indices': [94, 106]}]",1
Seattle,Sat Jun 03 17:20:55 +0000 2017,@AntonioParis @jphillips1313 @jk_rowling Pls elaborate on this insulting tweet. And get current on climate instead of promoting ignorance and your #wowsignal project #usetheforce https://t.co/0xtzhuLdLN,[],1
Seattle,Sat Jun 03 16:46:49 +0000 2017,Blame backwards ass white people who either knowingly discredit climate change for profit or are too proud to challenge these jerks https://t.co/8Neof2fCaL,[],1
Buffalo,Sat Jun 03 16:41:26 +0000 2017,When an article starts off stating that climate science is corrupt then you've already lost me. #Covfefe #Science,"[{'text': 'Covfefe', 'indices': [96, 104]}, {'text': 'Science', 'indices': [105, 113]}]",1
Seattle,Sat Jun 03 15:54:49 +0000 2017,Will I/should I have grandkids (😳) in the face of climate change. We are the problem &amp; solution. Another provocative episode of Terrestrial https://t.co/Tgeac5koA5,[],1
Seattle,Sat Jun 03 15:03:38 +0000 2017,Look at who the leader of these zombie climate deniers is.Climate deniers along with Holocaust deniers are who we must drive back into caves https://t.co/pFViOTl8Wg,[],1
Seattle,Sat Jun 03 14:35:43 +0000 2017,@GeorgeTakei They're just selectively ignoring Pittsburgh mayor's tweet. Pittsburgh will continue w/climate goals &amp; Pittsburgh didn't vote for Trump.,[],1
Seattle,Sat Jun 03 13:34:36 +0000 2017,@314action @kevaba Fortunately there's much individual cities can do to act on climate: every one needs to implement #WarmingLabels on gas pumps: @BeyondPump,[],1
Seattle,Sat Jun 03 13:03:45 +0000 2017,Paris Disagreement: Donald Trump's Triumph of Stupidity https://t.co/MRmFeROyFX #trumpclimate #ParisAgreement,"[{'text': 'trumpclimate', 'indices': [80, 93]}, {'text': 'ParisAgreement', 'indices': [94, 109]}]",1
Providence,Sat Jun 03 06:59:44 +0000 2017,"@larrymatovina @containspeanuts If Twitter can help get a man free nuggets, I hope y'all will do the same with dealing with climate change",[],1
Buffalo Grove,Sat Jun 03 03:24:19 +0000 2017,"Our president refuses to acknowledge the truth and consequences of climate change, but that doesn't mean you have to too. #ParisAgreement 🌎💞 https://t.co/Itw2GT85VV",[],1
Buffalo,Sat Jun 03 01:47:41 +0000 2017,Cc @MayorByronBrown #Climate https://t.co/3tqrHR1i1t,"[{'text': 'Climate', 'indices': [20, 28]}]",1
Seattle,Sat Jun 03 00:53:28 +0000 2017,"Do as I say, not as I do. - Bill De Blasio. https://t.co/tiglTg2UAr",[],1
Seattle,Sat Jun 03 00:27:28 +0000 2017,GOP congressman on climate change: God will 'take care of it' if it's real https://t.co/c3FnfiM9JX via @USATODAY,[],1
Seattle,Sat Jun 03 00:07:57 +0000 2017,I am so proud that my company @Amazon continues to support the #ParisClimateAgreement and action on climate change! https://t.co/XPtxrqyFIl,"[{'text': 'ParisClimateAgreement', 'indices': [63, 85]}]",1
Buffalo,Sat Jun 03 00:07:57 +0000 2017,Republican governor joins coalition to uphold Paris climate agreement https://t.co/eAnmAYEBhR,[],1
Seattle,Sat Jun 03 00:03:47 +0000 2017,"Who knows whether or not Trump believes in climate change.

We DO know he DOES believe in undoing all traces of Obama's presidency.

#Paris","[{'text': 'Paris', 'indices': [133, 139]}]",1
Seattle,Sat Jul 08 16:28:02 +0000 2017,"""Skepticism that fails to account for evidence is no virtue""

https://t.co/WHgcjwM6EL",[],1
Seattle,Sat Jul 08 06:08:05 +0000 2017,"Jan-June 2017, US experienced near-record $9 billion weather &amp; climate disasters

https://t.co/tYQkJyQIt7 

#climatereality #climatechange","[{'text': 'climatereality', 'indices': [112, 127]}, {'text': 'climatechange', 'indices': [128, 142]}]",1
Seattle,Tue Aug 15 18:18:40 +0000 2017,The reason I asked is because it’s used in the first paragraph on this “learn” page about climate science. https://t.co/6wNDAnjaBf,[],1
Seattle,Tue Aug 15 17:50:19 +0000 2017,#NAME?,[],0
Seattle,Tue Aug 15 15:26:08 +0000 2017,#NAME?,[],0
Greenwood,Tue Aug 15 02:19:12 +0000 2017,"By the way, I'm a firm believer in climate change; and (as you might imagine) I'm not the biggest fan of President Trump and his policies.",[],1
Seattle,Tue Sep 12 21:19:34 +0000 2017,@nytimes Funny how 2 Major #Hurricanes to hit U.S. mainland w/Billions in damage &amp; loss of life causes a change of heart #climate #emergency,"[{'text': 'Hurricanes', 'indices': [27, 38]}, {'text': 'climate', 'indices': [125, 133]}, {'text': 'emergency', 'indices': [134, 144]}]",1
Seattle,Tue Sep 12 17:25:55 +0000 2017,#NAME?,[],0
Buffalo,Tue Sep 12 16:58:31 +0000 2017,"Thank you Neil!  This is very relevant in our current political climate 
(pun intended) https://t.co/N0uRgzpe6A",[],1
Providence,Tue Sep 12 16:01:05 +0000 2017,"Lawsuit: #ShellOil violating #CleanWaterAct, failing to protect facilities / Providence from risks of #climatechange https://t.co/8J5cTmcaEk","[{'text': 'ShellOil', 'indices': [9, 18]}, {'text': 'CleanWaterAct', 'indices': [29, 43]}, {'text': 'climatechange', 'indices': [102, 116]}]",1
Seattle,Tue Sep 12 05:50:27 +0000 2017,When even the Catholic Church thinks you're Byzantine and anti-science… https://t.co/9umYORYw34,[],1
Seattle,Tue Sep 12 03:39:39 +0000 2017,Thank you Adam @Khanoisseur we should RT this as much as possible maybe some climate change deniers will get a clue. Seems bad for business! https://t.co/jJxqT1Yc7t,[],1
Seattle,Tue Sep 12 02:30:01 +0000 2017,#NAME?,[],0
Seattle,Sun Oct 08 19:00:48 +0000 2017,I'm committed to occupying climate change events with a pro-nuclear message. Pro-LNG and anti-science greens get ready.,[],1
Seattle,Sun Oct 08 02:12:46 +0000 2017,"@CaptianCarry @TakePart @politico The Navy needs to dock their subs without drowning sailors, so they need to know #ClimateChangeIsReal https://t.co/2lrk3HZj9Y",[],1
Seattle,Fri Nov 24 23:01:27 +0000 2017,Climate chaos: Unexpectedly strong flood receding north of Seattle https://t.co/4mAGVVVjjp via @SeattlePI,[],1
Buffalo,Fri Nov 24 06:10:00 +0000 2017,FYI: The words “breast” and “thigh” are very trigggering to me considering the current political climate.,[],0
Seattle,Thu Dec 14 23:38:54 +0000 2017,.@LEVIS clean up your supply chain and become a climate leader TODAY! https://t.co/4al7aDHwW5,[],1
Leschi,Thu Dec 14 19:39:04 +0000 2017,"Here’s the thing about everything the GOP is doing to fuck over the country, from taxes to healthcare to the internet.

If we vote in people who will actually pass laws, it can be fixed.

Climate change is totally fucked, though.",[],1
Seattle,Thu Dec 14 17:07:02 +0000 2017,"Some climate change deniers like it hot
#MoviesThatAreStupid","[{'text': 'MoviesThatAreStupid', 'indices': [40, 60]}]",1
Providence,Thu Dec 14 14:15:53 +0000 2017,"East Coast Achievement Unlocked: walked to work in the snow for the first time. I am well beyond my #climate envelope. (Also, that is fake fur don’t worry) https://t.co/YpPOlK3TEY","[{'text': 'climate', 'indices': [100, 108]}]",1
Seattle,Thu Dec 14 03:05:54 +0000 2017,"Uh, this: https://t.co/MSRyKyr27y https://t.co/qj6UPgtSDc",[],1
Seattle,Thu Dec 14 03:03:32 +0000 2017,“Human activities” is not a very specific or actionable way to describe the cause of the climate crisis.  This is.,[],1
Providence,Sun Jan 13 17:41:45 +0000 2019,#NAME?,[],0
Seattle,Sun Jan 13 06:47:31 +0000 2019,"What facilitated the improvement? Time, understanding, compassionate conservative care, PT/rehab, and yes, judicious use of opioids for months-in a collaborative relationship with a wonderful physiatrist. What would happen now innthis insane climate? https://t.co/A8OAIq5i0H",[],0
Seattle,Sun Jan 13 03:38:02 +0000 2019,#NAME?,[],0
Seattle,Fri Feb 08 21:05:39 +0000 2019,"So over half an inch of snow has fallen in Seattle in the last half an hour. Foot+ predicted. Meanwhile family in Sydney reported 104f day. Yeah, the climate is the same as always... https://t.co/PHnmStIC5z",[],1
Seattle,Fri Feb 08 19:26:38 +0000 2019,"the snowpocalypse cometh.... 

❄️🙏🏼💙😂 #seattle #snow #pnw #pacificnorthwest #weather #climate #polarvortex #snowpocalypse #snowmageddon #sledding #bringiton @ City Market https://t.co/wt8ceNqQDl","[{'text': 'seattle', 'indices': [38, 46]}, {'text': 'snow', 'indices': [47, 52]}, {'text': 'pnw', 'indices': [53, 57]}, {'text': 'pacificnorthwest', 'indices': [58, 75]}, {'text': 'weather', 'indices': [76, 84]}, {'text': 'climate', 'indices': [85, 93]}, {'text': 'polarvortex', 'indices': [94, 106]}]",1
Providence,Fri Feb 08 19:21:57 +0000 2019,#NAME?,[],0
Seattle,Fri Feb 08 18:19:10 +0000 2019,"@HotlineJosh Do you understand why we need to reduce air travel? Do you understand the threat? 

It'll poll higher and higher as more people understand the danger of climate change.

This isn't a political stance. It's a moral imperative.",[],1
Seattle,Fri Feb 08 17:19:08 +0000 2019,"@SenSanders Senator, you are promoting the biggest financial scam ever perpetrated upon human kind.  HUMANS CANNOT CONTROL THE CLIMATE•HUMANS CANNOT PREVENT CLIMATE CHANGE.",[],-1
Providence,Fri Feb 08 16:08:51 +0000 2019,Really powerful and interesting way of thinking about affecting global change towards climate - worth reading his thoughts. https://t.co/ZwOHnjyDoH,[],1
Seattle,Fri Feb 08 15:32:56 +0000 2019,"This right here. There are a thousand reasons to be skeptical of the prospects and some details of the #GreenNewDeal, but us tired old climate warriors and energy wonks need to get behind the youth and frontline communities who are fighting for a livable future. https://t.co/YqW7c6fFzS",[],1
Seattle,Fri Feb 08 13:14:34 +0000 2019,"Seattle will downzone very legal &amp; necessary rezones today. Because of concerns over parking &amp; character. During housing  &amp; climate crises.
plz call just say “Maximum rezones please”. Start with your name &amp; neighborhood &amp; be polite
12 min activity 
https://t.co/9mOLhetqiN",[],1
Seattle,Fri Feb 08 09:12:01 +0000 2019,"@thehill ""Her proposed special committee was ultimately rejected by Democratic leaders, who opted instead for a panel on climate crisis that lacks legislative &amp; subpoena power. Pelosi did not put OC on this panel."" The Democratic Establishment is still in power.",[],1
Seattle,Fri Feb 08 08:14:12 +0000 2019,"@thehill Once again, Schultz is afraid the wealthy are going to have to pay more for climate change.  This guy isn't even an Independent.  He is a Republican in Democrats clothing.",[],1
Seattle,Fri Feb 08 05:42:09 +0000 2019,#NAME?,[],0
Seattle,Fri Feb 08 04:58:36 +0000 2019,#NAME?,[],0
Seattle,Fri Feb 08 04:52:15 +0000 2019,"Nancy Pelosi has absolutely no class &amp; zero climate consciousness. Check out her dismissive attack on the #GreenNewDeal - astonishingly mean spirited and myopic. She's definitely feeling threatened.

@AOC Releases Green New Deal Outline https://t.co/JSJvghHr2P https://t.co/WoDnZwWiQA",[],1
Providence,Fri Feb 08 04:21:54 +0000 2019,When you get to hang out with a former president of the world bank and discuss climate change and pandemic outbreak preparedness 😂 @ Brown University https://t.co/WLzkXAwb2h,[],1
Seattle,Fri Feb 08 01:33:06 +0000 2019,"@SpeakerPelosi I would really appreciate you thinking about your legacy, madame speaker. Treat climate not as “an issue” for people with a “green dream” but as the crisis it is. Please, put the political capital you have into building the #GreenNewDeal into the political winner it can be.",[],1
Seattle,Wed Mar 13 18:46:56 +0000 2019,"My story, Adapting to the Anthropocene, is in the first issue of Atmos Magazine, a new magazine about climate and culture. The piece focuses on the different ways people have been forced to adapt to climate change around the world. Check it out: https://t.co/QlTjXo9XPb",[],1
Seattle,Wed Mar 13 17:44:07 +0000 2019,"@ActNow_Climate Why waste money on a hoax? Stop the propaganda promoting hysteria! Knee Jerk reaction to what you don’t understand will cause America to bankrupt. What is NORMAL for the EARTH?
https://t.co/taPDHCbRl3",[],-1
Buffalo,Wed Mar 13 17:20:20 +0000 2019,#NAME?,[],0
Seattle,Wed Mar 13 16:20:52 +0000 2019,#NAME?,[],0
Seattle,Wed Mar 13 00:28:42 +0000 2019,"Art by itself can’t, but people who are inspired to take action because they’ve seen compelling art are part of the solution. https://t.co/S59oB8lots",[],1
Seattle,Tue Apr 02 19:34:47 +0000 2019,@Robin_of_Aniara They:The climate industrial complex that can only survive if they manipulate data in ways to deceive gullible people like U into thinking U are going to die by global warming.  It’s simply job security—no AGW means no tax subsidie$ &amp; contract$ to fight a non-existent crisis.,[],1
Seattle,Tue Apr 02 11:57:40 +0000 2019,"Hey @TODAYshow &amp; @alroker, your segments on Climate Change are a perfect fit for my #ConnectedWorld class @ExplorisSchool! Thanks for keeping the news relevant for kids too! #changemakers
https://t.co/EtrCmJl9U0","[{'text': 'ConnectedWorld', 'indices': [88, 103]}]",1
Seattle,Tue Apr 02 02:00:03 +0000 2019,#NAME?,[],0
Seattle,Tue Apr 02 00:43:19 +0000 2019,"Underfunding, a climate of fear, and the potential addition of an untested citizenship question threaten to derail next year's census count. It only happens once every ten years. We have to get it right. Will you pledge today to be counted? https://t.co/tZS9ZgDEpI",[],0
Buffalo Grove,Thu May 16 21:24:40 +0000 2019,Putting it all together on our climate change projects #weare54 #tellyourstrong #pbl https://t.co/v196zSWTMU,"[{'text': 'weare54', 'indices': [55, 63]}, {'text': 'tellyourstrong', 'indices': [64, 79]}, {'text': 'pbl', 'indices': [80, 84]}]",1
Seattle,Thu May 16 20:51:36 +0000 2019,"Northwest forests are among the best in the world at absorbing carbon -- critical to confronting climate change -- yet very few certified carbon credits are available to protect them. 

King County just fixed that. Here's how 📹 https://t.co/pRs7MVoEUA",[],1
Seattle,Thu May 16 20:48:49 +0000 2019,"“If you’re not setting goals so big that you’re not sure how you’ll reach them, they’re not big enough to solve climate change” says Kate Wilson of @VailResorts #SustainableBizSummit",[],1
Seattle,Thu May 16 19:25:14 +0000 2019,"New York just temporarily blocked the Williams NESE fracked gas pipeline #StopNESE

Thx to @350 @NoNYHarborPipe &amp; many more for defending our communities+climate. Learn more about fighting fossil fuels w/people power: https://t.co/zeOPPe4LbT

https://t.co/IEtR86sEBv","[{'text': 'StopNESE', 'indices': [73, 82]}]",1
Seattle,Thu May 16 18:59:13 +0000 2019,"One thing I’ll never understand is how our government spends SO much time on the very personal issue of reproductive rights, yet so little effort on systemic issues such as poverty, climate change, gun violence, and education (among many others)",[],1
Seattle,Thu May 16 18:51:23 +0000 2019,"@angryseattle Yeeeeaaaahhhhh no. @komonews, this is trolling. If you want to hold a town hall how about “Genuine Solutions to Homelessness” or “Dealing With Climate Change in the PNW” or “Naming Our Hockey Team the Metropolitans” but this? Fuck you. https://t.co/5tP97N46bv",[],1
Seattle,Thu May 16 18:30:24 +0000 2019,"The first thing that's given me an ounce of hope. #Ice911
#ClimateChange
#GlobalWarming

https://t.co/98blgCvgro","[{'text': 'Ice911', 'indices': [50, 57]}, {'text': 'ClimateChange', 'indices': [58, 72]}, {'text': 'GlobalWarming', 'indices': [73, 87]}]",1
Seattle,Thu May 16 17:41:06 +0000 2019,#NAME?,[],0
Seattle,Thu May 16 16:53:25 +0000 2019,"🥂🥂🥂 Please
Gov Inslee just released an incredibly comprehensive, detailed plan on climate. No one else has anything close. Inslee’s also got the track record to make it credible, his record alone rebuts R lies.
Please send $1 ASAP
Thank you so much. https://t.co/iUW1HJHgnj.",[],1
Seattle,Thu May 16 14:21:44 +0000 2019,"@Crosscut This commentary reflects things I heard at the #crosscutfest panel where Republicans talked about bipartisan approaches to climate and the environment.
https://t.co/bVcdW0ejai","[{'text': 'crosscutfest', 'indices': [57, 70]}]",1
Seattle,Thu May 16 04:52:32 +0000 2019,"@GovernorKayIvey If you believe ""every life is a gift from god"", I trust that you support gun control, oppose the death penalty and seek to combat climate change, right? Surely you're not a massive hypocrite...",[],1
Seattle,Thu May 16 04:36:56 +0000 2019,"@mattrellen @GallivanScott @AdamJoy42 @smileyt22 @TodMoore3 @CtMan1 @OmartheWonder @katiD22 @taznum8 @DCMorgan1972 @LetsMakANewDeal @EBowlimg @_ZO0M @SupaReaper @grnmedina_chris @EmirSejdik @monsoon2112 @NthingInPrtculr @BryonE18 @Melxtex @PelosiSquadFive @yomomsmokemid @JustAGurLnSwedn @Bcbudinto @brinstar9 @henri_pew @WonderBitchToo @ReginaA1981 @Piatfernandez @PrgmaticPolitic @dk_stephan @1x10e6 @Darcman @ignorant_jane @PWM62 @r_e_b_1 @Craner32 @devilyonder @master_deli @CKeefeShea @Penny_J_Thomas @HBGold87 @dbnydb @Cajsa @morenverca @carogonza @DmitrysPlane @oneconnelly1 @Anootchka @rick_sl8 Biden is an institutionalist,, and as such is unable to tackle issues like Climate or dealing with the right wing.",[],1
Seattle,Thu May 16 00:21:03 +0000 2019,I got carried away and wrote a thread about my own political evolution viewed through the lens of climate catastrophe and capitalism. https://t.co/7dtF6brJLp,[],1
Seattle,Thu May 16 00:18:15 +0000 2019,"@DellaLuna @coleman_ak @seandoughtie @mikemchargue @rachelheldevans @TheAtlantic @TeresaCMosqueda @zachjcarter SO, a wild thread that started at climate change and ended at militarism and economics. Sorry about that haha. I don't listen to the show much anymore but I know that the Science Mike and Liturgists communities are full of smart tenderhearted people. Thanks for reading.",[],1
Seattle,Thu May 16 00:16:51 +0000 2019,@DellaLuna @coleman_ak @seandoughtie @mikemchargue @rachelheldevans @TheAtlantic @TeresaCMosqueda @zachjcarter I hope I've expressed myself clearly. I think about climate change a lot sometimes. Climate change is such a multi-faceted subject. I look to my Christian faith and the concrete actions of people fighting for a better world.,[],1
Seattle,Thu May 16 00:16:29 +0000 2019,"@DellaLuna @coleman_ak @seandoughtie @mikemchargue @rachelheldevans @TheAtlantic @TeresaCMosqueda @zachjcarter Thank you @mikemchargue for using your platform to raise the alarm about climate change, theexistential threat to civilization, life on this planet. This level of CO2 hasn't coincided with humans. There are so many unknowns. I don't want to roll that dice.",[],1
Seattle,Wed Jun 05 22:15:50 +0000 2019,"Wha...?!  ""If we participated in anyone else's climate debate, we will not be invited to future debates.""

Irresponsible in the face of climate disaster.  And the kind of hijinx which will disenchant voters, suppress turnout, and give Trump a shot at reelection.  @DNC @JayInslee https://t.co/9AZ7nTS2aQ",[],1
Buffalo,Wed Jun 05 17:42:39 +0000 2019,https://t.co/m8L9o4sokF,[],1
Seattle,Wed Jun 05 14:35:25 +0000 2019,I don’t care what side of the aisle you find yourself on: Global warming / climate changing is real. There’s no denying it. I think the most memorable way I learned about global warmimg was in elementary school when I learned aerosol “burns holes in the sky”,[],1
Seattle,Wed Jun 05 13:44:27 +0000 2019,#NAME?,[],0
Seattle,Wed Jun 05 13:36:42 +0000 2019,If you don’t believe in climate change and the negative impacts for our children. Listen to this podcast. https://t.co/41l7Ptun5t,[],1
Seattle,Wed Jun 05 05:12:49 +0000 2019,"@rge2001 @DrKateMarvel Two things here:
1. Long term trends have global population topping out somewhere between 9 and 12 billion.
2. On the flip side most of the grimmer predictions of the effects of climate change will kill a lot of people.",[],1
Seattle,Wed Jun 05 03:28:45 +0000 2019,"@SmutCollecter @SEMittenTransit @kchoudhu The flip side is that there’s basically zero chance we’ll hit our climate goals without them, so… 😬",[],1
Seattle,Wed Jun 05 01:11:31 +0000 2019,Check out Jay Inslee’s detailed Green New Deal https://t.co/dzqlhpxJ1e https://t.co/LeHjVe3XOF,[],1
Seattle,Thu Jul 25 23:07:58 +0000 2019,#NAME?,[],0
Providence,Thu Jul 25 21:31:24 +0000 2019,"Citizen scientists take to the streets to map the hottest places in ten U.S. cities | NOAA https://t.co/US524WHkPY 
#weather #heat #Science
https://t.co/2pjoy0pQzF",[],1
Seattle,Thu Jul 25 13:40:13 +0000 2019,I'm a scientist. Under Trump I lost my job for refusing to hide climate crisis facts | Maria Caffrey https://t.co/LlQm4uZtoK,[],1
Seattle,Sun Aug 04 23:52:58 +0000 2019,"Climate 
Guns 
Racism 

I need a President that cares about this",[],1
Seattle,Sun Aug 04 23:39:47 +0000 2019,#NAME?,[],0
Seattle,Sun Aug 04 21:59:50 +0000 2019,#NAME?,[],0
Seattle,Sun Aug 04 15:49:01 +0000 2019,The editorial board at the @baltimoresun wants @JayInslee to stay in the presidential race longer. “We need not only the comprehensiveness of Mr. Inslee’s climate vision but also the urgency he brings to the issue” https://t.co/iRxzVLxojy,[],1
Seattle,Sun Aug 04 04:38:51 +0000 2019,#NAME?,[],0
Seattle,Wed Sep 04 23:29:44 +0000 2019,"Dear candidates,

Barring a few of you, your climate advisers appear to be totally incompetent. I am available to help you guys understand basic energy concepts, free of charge!

It couldn't possibly be worse than this.

-me",[],1
Seattle,Wed Sep 04 23:20:01 +0000 2019,I don’t know how to watch the climate debate but I appreciate all your tweets,[],1
Seattle,Wed Sep 04 22:33:14 +0000 2019,Good for her! We must get rid of the filibuster to defeat the climate crisis https://t.co/gWBGZyWqs3,[],1
Seattle,Wed Sep 04 19:12:37 +0000 2019,"Since your candidency, I frequently hear public figures make statements showing they get the urgency of climate change before anything else can be accomplished https://t.co/WOmCGyVpu5",[],1
Seattle,Wed Sep 04 16:16:46 +0000 2019,"It’s critical that council members hear from i! Do u worry about housing crisis? climate crisis? 
State Environmental Policy Act is broken.
Between now &amp; Monday plz email
Abel.Pacheco@seattle.gov
Mike.OBrien@seattle.gov
Lisa.Herbold@seattle.gov
Lorena.Gonzalez@seattle.gov",[],1
Seattle,Wed Sep 04 16:10:13 +0000 2019,"Fine by me @charity4jc, but just remember, at least 2/3 of the Country find @realDonaldTrump Unstable, UnInformed, And a Bonafide World Class Liar. The Age of Imformation has turned into the Age Of Misinformation. #FactsMatter #Climate Scientists around the world... https://t.co/it6eWsA192",[],1
Seattle,Wed Sep 04 16:07:53 +0000 2019,"“Some Seattle City Council members, spurred on by urbanist advocacy groups” nope nope nope nope nope 
This is spurred by catastrophic climate change!!!!
When will we start seeing it reported accurately?
Climate emergency = we need bold action. This isn’t a pet urbanist project. https://t.co/OnN1dyUQVK",[],1
Seattle,Wed Sep 04 13:17:36 +0000 2019,"@ecotone2 @KHayhoe Hey, here’s a good chance to ask a question. I’m in a part of Seattle that voted 85% for Hillary in 2016. If Dems are supposedly the party that wants to fight climate change, why does almost every house have at least one SUV in the driveway?",[],1
Seattle,Wed Sep 04 12:28:28 +0000 2019,"It just occurred to me that people find it very easy to bitch to a candidate or their lawmakers about “doing something” about climate change.

I wonder if those same voters realize that ALL OF US have to “do something”. Don’t be lazy and pass it all off on the lawmakers. 😡",[],1
Seattle,Wed Sep 04 12:04:38 +0000 2019,"In the next hour, in his first national interview post-exit, @JayInslee will tell @NewDay what he wants to hear tonight at @CNN’s climate town hall.",[],1
Seattle,Wed Sep 04 11:56:47 +0000 2019,"Me: post-campaign life is going to be great, sleeping in, relaxing, etc.

also me: up at 4:30 am today tweeting about climate policy",[],1
Seattle,Wed Sep 04 11:40:17 +0000 2019,"An arms race I can get behind.

In her new plan, @KamalaHarris adopts @JayInslee’s climate pollution fee. https://t.co/xLSmdNPMhs",[],1
Seattle,Wed Sep 04 07:40:28 +0000 2019,"Climate change stage: we're actually studying the ""there are no bad ideas in brainstorming"" ideas https://t.co/kWD4JlGcjo",[],1
Seattle,Wed Sep 04 01:23:12 +0000 2019,"This is good climate twitter content. Sassy + smart. Invest now! 

https://t.co/8H5IpmFU0b https://t.co/ecuQZksN6h",[],1
Buffalo,Wed Sep 04 01:03:51 +0000 2019,And the first to warn about “Universe Climate Change”! (Those damn Solar Flare Ejections) https://t.co/5oQiuMwkeB,[],1
Seattle,Wed Sep 04 00:17:45 +0000 2019,"Climate leadership coupled with a commitment to bold, urgent action from @ewarren. This is the stuff defeating the climate crisis is made of! https://t.co/FManbLApNe",[],1
Seattle,Wed Sep 04 00:14:49 +0000 2019,"This is an incredibly smart move by @ewarren to embrace and extend @JayInslee's climate change plan!

This feeling I'm experiencing? Hope. Hope for the first time since November 2016 that we can turn things around. Hope for our future. https://t.co/wEg11MCQpS",[],1
Seattle,Sun Oct 27 21:38:51 +0000 2019,"It gets worse every year and yet climate change is still a hoax to a vast swath of the country.
https://t.co/8LRR7QZRHr",[],1
Seattle,Sun Oct 27 19:21:28 +0000 2019,@logodaedalus This climate disaster brought to you by the letter C and willful ignorance.,[],1
Seattle,Sun Oct 27 18:40:32 +0000 2019,@Shaken0Stirred @ninampls @Str8Up3Olives @SammieHunnicut @strom_annette @scoootchover @SuzyStayAtHome @SaddleUpPeople @shellymaxwell @ShelbyKStewart @skewermann @SchlomoBurdue @SusieZlatunich @SpiritualMarie @starrling3 @shannongailmc @Scottcrates @suzierebel Snow already? Fuck! Climate change is real people!!,[],1
Providence,Sun Oct 27 02:16:07 +0000 2019,"This being said, you should never be friends with someone who doesn’t prioritize climate action because that shit affects everyone https://t.co/LHebcfufJK",[],1
Providence,Wed Nov 06 15:21:53 +0000 2019,"Rising Seas Will Erase More Cities by 2050, New Research Shows https://t.co/nRrX3lZ8F3",[],1
Seattle,Wed Nov 06 05:43:33 +0000 2019,"@zoeyjsalsbury @spekulation If it's ruled unconstitutional again, it's arguable that they might do so or not again, based on it being an off year election and the general statewide political climate being different",[],0
Seattle,Wed Nov 06 03:33:13 +0000 2019,#NAME?,[],0
Seattle,Tue Dec 17 19:56:53 +0000 2019,"A Methane Leak, Seen From Space, Proves to Be Far Larger Than Thought https://t.co/iDvVHebI8C",[],1
Seattle,Tue Dec 17 19:11:22 +0000 2019,Design review should be abolished in favor of a race &amp; social justice analysis rating system ... &amp; a developer score card system.  Let’s not worry about what the buildings look like but their impact on climate and community. Do they benefit city by providing safe homes? https://t.co/LrRUiCuW3i,[],1
Providence,Tue Dec 17 16:11:57 +0000 2019,"For anyone who cares about climate &amp; energy policy or heating electrification, the RI PUC’s livestream, a discussion of the 2020 EE Plan, is worth watching right now. https://t.co/Teb1TDRESc Some quotes:",[],1
Seattle,Tue Dec 17 15:04:35 +0000 2019,"Unfortunately we’re to busy in the United States addressing unnecessary &amp; preventable measles outbreaks, having petty squabbles about building ineffective walls, financially decimating farmers, &amp; presenting snowballs in official debates as “proof” climate change is a hoax. https://t.co/Si0xRSTCug",[],1
Seattle,Tue Dec 17 06:33:09 +0000 2019,"And this is why most architects think AD is a joke.

We. Are. In. A. Climate. Crisis. https://t.co/bLxAMQUggL",[],1
Seattle,Tue Dec 17 02:54:42 +0000 2019,"Got the chance to visit the Amazon Sphere working space in Seattle. What an amazing place, bringing a tropical micro climate indoors. Something calming and refreshing about working closer to nature. https://t.co/46eZE67LFY",[],0
Seattle,Mon Jan 04 20:02:10 +0000 2016,"@AndreaNRuth Exactly. And why the climate zealots switched from ""warming"" to ""change.""",[],-1
Seattle,Mon Jan 04 20:00:04 +0000 2016,How Human Psychology Holds Back Climate Change Action https://t.co/oKqnrU9wRm,[],1
Seattle,Tue Feb 09 00:34:14 +0000 2016,More nails in the coffin for #coal as US #climate emissions decline to 1995 levels.  https://t.co/yOKK0tpPig @PowerPastCoal @climatesolution,"[{'text': 'coal', 'indices': [29, 34]}, {'text': 'climate', 'indices': [41, 49]}]",1
Seattle,Tue Feb 09 00:01:07 +0000 2016,#NAME?,[],0
Seattle,Wed Mar 02 20:19:28 +0000 2016,@Intertek_TT @ChargedEVs it's ironic that the real threat here is from fossil fuel combustion driven climate change. Need more EV aviation!,[],1
Seattle,Wed Mar 02 04:31:58 +0000 2016,One of most important things on climate change: focus on solutions - don't keep arguing science b/c that's what deniers want #UWEnvironment,"[{'text': 'UWEnvironment', 'indices': [125, 139]}]",1
Seattle,Wed Mar 02 04:15:06 +0000 2016,"Naomi Oreskes says debates about climate change were not about science, they were about governance #envir495f #UWEnvironment","[{'text': 'envir495f', 'indices': [99, 109]}, {'text': 'UWEnvironment', 'indices': [110, 124]}]",1
Seattle,Wed Mar 02 04:07:53 +0000 2016,@amy_rickel doubt mongering is also used to keep people from believing in climate change b/c the science didn't 100% prove it #UWEnvironment,"[{'text': 'UWEnvironment', 'indices': [126, 140]}]",1
Seattle,Wed Mar 02 03:57:59 +0000 2016,"""There was a consensus in 1979 that climate change from man's actions would happen"" #envir495f #UWEnvironment","[{'text': 'envir495f', 'indices': [84, 94]}, {'text': 'UWEnvironment', 'indices': [95, 109]}]",1
Seattle,Wed Mar 02 03:42:49 +0000 2016,85-90% Democrats believe climate change is occurring vs. 59% of Republicans...anyone really surprised by this? #UWEnvironment,"[{'text': 'UWEnvironment', 'indices': [111, 125]}]",1
Seattle,Wed Mar 02 01:47:19 +0000 2016,Policies can create hostile climate. #necessaryconversationspu,"[{'text': 'necessaryconversationspu', 'indices': [37, 62]}]",0
Seattle,Tue Apr 05 23:50:24 +0000 2016,"@Anthony_Stuart @the_vint @OasusTheDingo He's trying his goddamn best with the worst American political climate in decades,",[],0
Seattle,Tue Apr 05 22:04:10 +0000 2016,.@Zipcar founder @rmchase states that the sharing economy may be the way tackle climate change. Leverage excess capacity. #IconicTour16,"[{'text': 'IconicTour16', 'indices': [122, 135]}]",1
Seattle,Tue Apr 05 22:03:43 +0000 2016,@rmchase let's solve climate change etc using #peersInc models. @duolingo is fav company with 105mm users in 3yrs https://t.co/bCdmyytZaT,"[{'text': 'peersInc', 'indices': [46, 55]}]",1
Seattle,Tue Apr 05 19:55:31 +0000 2016,Catch up on the latest climate science news for the Northwest- check out our April Climate Science Digest https://t.co/gyvzf1BLm9 w/ @NPLCC,[],1
Seattle,Tue Apr 05 17:31:24 +0000 2016,Equality and well-being must be part of the climate change conversation. Here's why. https://t.co/JMx7c27G32 # via @HuffPostScience,[],1
Seattle,Tue Apr 05 03:09:36 +0000 2016,The #COP21 outcome was not legally binding and is still a path to 3.5°C rise since preindustrial #Climate: Direct action needed @ARorganizer,"[{'text': 'COP21', 'indices': [4, 10]}, {'text': 'Climate', 'indices': [97, 105]}]",1
Providence,Tue Apr 05 03:06:52 +0000 2016,NASA Is Facing a Climate Change Countdown https://t.co/wY7rKTlgqb,[],1
Seattle,Tue May 03 04:19:32 +0000 2016,"@KathieDello @nytimes Would be better served if editors would check previous NYTimes articles before using ""first."": https://t.co/AQSEVv1VtV",[],1
Seattle,Tue May 03 00:16:14 +0000 2016,Climate change deniers must not have children or grandchildren.,[],1
Seattle,Wed Jun 08 00:21:19 +0000 2016,#NAME?,[],0
Seattle,Sun Jul 03 19:29:25 +0000 2016,Tonight in Seattle! #blackcommunion #climate #fuckingawesome #nwhc @ Olympic Sculpture Park https://t.co/pwmhWI4gCS,"[{'text': 'blackcommunion', 'indices': [20, 35]}, {'text': 'climate', 'indices': [36, 44]}, {'text': 'fuckingawesome', 'indices': [45, 60]}, {'text': 'nwhc', 'indices': [61, 66]}]",0
Seattle,Sun Jul 03 00:41:21 +0000 2016,"@kersypants It was...okay. What a brutal climate. I met some interesting people, at least. We had some fun together! I'm happy to be home.",[],0
Seattle,Sun Aug 21 20:49:55 +0000 2016,"Happy to be at #asa16!!! Hitting panels on climate justice, #blacklivesmatter, and critical feminism. #sociology https://t.co/7eXceX9LUj","[{'text': 'asa16', 'indices': [15, 21]}, {'text': 'blacklivesmatter', 'indices': [60, 77]}, {'text': 'sociology', 'indices': [102, 112]}]",1
Seattle,Sun Aug 21 16:12:17 +0000 2016,So what does it mean to not marry in a climate of marriage equality? Question posed by Wendy Diane Manning #ASA2016,"[{'text': 'ASA2016', 'indices': [107, 115]}]",0
Seattle,Tue Sep 20 19:53:51 +0000 2016,"@reason
See also https://t.co/CsPBsKqDf6",[],0
Seattle,Tue Sep 20 03:44:29 +0000 2016,@JasonBretWells how many of the refugees from Syria can rightfully be called climate refugees? Why doesn't the Washington Post call this out,[],1
Seattle,Tue Oct 11 20:01:04 +0000 2016,💧@HillaryClinton @ahecht one serious threat we face from climate change is the lack of access to fresh water. #Fracking puts water at risk!,"[{'text': 'Fracking', 'indices': [110, 119]}]",1
Seattle,Tue Oct 11 16:27:04 +0000 2016,@ScottSKOMO https://t.co/NIrINr8qbR,[],1
Buffalo,Tue Oct 11 12:19:49 +0000 2016,They don't believe in evolution or climate change either. This is no surprise https://t.co/ItaEMor7WV,[],1
Seattle,Tue Oct 11 03:37:44 +0000 2016,"Framing issues like the instability and refugees from Syria as a result of climate change might get people's attention, no? @Bentler",[],1
Seattle,Tue Oct 11 00:37:50 +0000 2016,Katherine Hayhoe in the New York Times: https://t.co/i0Yvqtzb6F,[],1
Seattle,Tue Nov 08 22:45:12 +0000 2016,"@FuseWA @VanJones68 @frontandcenterd @OneAmericaVotes This is about politics, not climate change. Fusing the groups. #DoSomething","[{'text': 'DoSomething', 'indices': [117, 129]}]",1
Seattle,Tue Nov 08 21:32:14 +0000 2016,It's 68 degrees in November in Seattle. Good thing this election brought climate change debate to the forefront.,[],1
Seattle,Tue Nov 08 19:56:22 +0000 2016,#NAME?,[],0
Seattle,Tue Nov 08 19:53:43 +0000 2016,Follow @PikaPics to see the cutest little animal that will motivate you to act against climate change!!!!,[],1
Seattle,Tue Nov 08 18:33:22 +0000 2016,"Vote for climate, vote for women, vote for progress, vote for our country's future. #ImWithHer #envir492","[{'text': 'ImWithHer', 'indices': [84, 94]}, {'text': 'envir492', 'indices': [95, 104]}]",1
Seattle,Tue Nov 08 18:09:32 +0000 2016,Rachel Morrello-Frosch @UrbanUW talking about the Climate Gap https://t.co/0IPrhBmijS,[],1
Seattle,Tue Nov 08 08:48:31 +0000 2016,"#BeforeTheFlood Shows the importance of acting quickly on climate change and of introducing a carbon tax. We can do this in WA, today! #i732","[{'text': 'BeforeTheFlood', 'indices': [0, 15]}, {'text': 'i732', 'indices': [135, 140]}]",1
Seattle,Tue Nov 08 07:47:41 +0000 2016,"#Imvotingbecause things need to CHANGE! Except the climate. The climate can stay the same, please. #Solar #electrify #carbontax #Yesoni732","[{'text': 'Imvotingbecause', 'indices': [0, 16]}, {'text': 'Solar', 'indices': [99, 105]}, {'text': 'electrify', 'indices': [106, 116]}, {'text': 'carbontax', 'indices': [117, 127]}, {'text': 'Yesoni732', 'indices': [128, 138]}]",1
Seattle,Tue Nov 08 00:52:57 +0000 2016,If only climate change voted. https://t.co/orQRpawt7m,[],1
