DATE,MONTH,TYPE,TOTAL (IN TONS)
01/31/2011,January,Curb Recycling,699
01/31/2011,January,Misc. Recycling,0
01/31/2011,January,Bottle Bill,0
01/31/2011,January,Scrap Metal,0
01/31/2011,January,Recycled Tires,14
01/31/2011,January,Yard Waste,269
01/31/2011,January,Asphalt Debris,0
01/31/2011,January,Sidewalk Debris,0
01/31/2011,January,Haz Waste,0
01/31/2011,January,E-Waste,0
01/31/2011,January,Curb Garbage,6816
01/31/2011,January,Misc. Garbage,287
02/28/2011,February,Curb Recycling,606
02/28/2011,February,Misc. Recycling,0
02/28/2011,February,Bottle Bill,0
02/28/2011,February,Scrap Metal,0
02/28/2011,February,Recycled Tires,20
02/28/2011,February,Yard Waste,1090
02/28/2011,February,Asphalt Debris,0
02/28/2011,February,Sidewalk Debris,0
02/28/2011,February,Haz Waste,0
02/28/2011,February,E-Waste,0
02/28/2011,February,Curb Garbage,6284
02/28/2011,February,Misc. Garbage,459
03/31/2011,March,Curb Recycling,716
03/31/2011,March,Misc. Recycling,0
03/31/2011,March,Bottle Bill,0
03/31/2011,March,Scrap Metal,0
03/31/2011,March,Recycled Tires,32
03/31/2011,March,Yard Waste,777
03/31/2011,March,Asphalt Debris,0
03/31/2011,March,Sidewalk Debris,0
03/31/2011,March,Haz Waste,0
03/31/2011,March,E-Waste,0
03/31/2011,March,Curb Garbage,8484
03/31/2011,March,Misc. Garbage,1570
04/30/2011,April,Curb Recycling,706
04/30/2011,April,Misc. Recycling,0
04/30/2011,April,Bottle Bill,0
04/30/2011,April,Scrap Metal,0
04/30/2011,April,Recycled Tires,83
04/30/2011,April,Yard Waste,0
04/30/2011,April,Asphalt Debris,0
04/30/2011,April,Sidewalk Debris,0
04/30/2011,April,Haz Waste,0
04/30/2011,April,E-Waste,0
04/30/2011,April,Curb Garbage,8309
04/30/2011,April,Misc. Garbage,2471
05/31/2011,May,Curb Recycling,760
05/31/2011,May,Misc. Recycling,0
05/31/2011,May,Bottle Bill,0
05/31/2011,May,Scrap Metal,0
05/31/2011,May,Recycled Tires,34
05/31/2011,May,Yard Waste,0
05/31/2011,May,Asphalt Debris,0
05/31/2011,May,Sidewalk Debris,0
05/31/2011,May,Haz Waste,0
05/31/2011,May,E-Waste,0
05/31/2011,May,Curb Garbage,9314
05/31/2011,May,Misc. Garbage,3721
06/30/2011,June,Curb Recycling,813
06/30/2011,June,Misc. Recycling,0
06/30/2011,June,Bottle Bill,0
06/30/2011,June,Scrap Metal,0
06/30/2011,June,Recycled Tires,33
06/30/2011,June,Yard Waste,0
06/30/2011,June,Asphalt Debris,0
06/30/2011,June,Sidewalk Debris,0
06/30/2011,June,Haz Waste,0
06/30/2011,June,E-Waste,0
06/30/2011,June,Curb Garbage,10197
06/30/2011,June,Misc. Garbage,3873
07/31/2011,July,Curb Recycling,685
07/31/2011,July,Misc. Recycling,0
07/31/2011,July,Bottle Bill,0
07/31/2011,July,Scrap Metal,0
07/31/2011,July,Recycled Tires,28
07/31/2011,July,Yard Waste,0
07/31/2011,July,Asphalt Debris,0
07/31/2011,July,Sidewalk Debris,0
07/31/2011,July,Haz Waste,0
07/31/2011,July,E-Waste,0
07/31/2011,July,Curb Garbage,9070
07/31/2011,July,Misc. Garbage,1848
08/31/2011,August,Curb Recycling,740
08/31/2011,August,Misc. Recycling,0
08/31/2011,August,Bottle Bill,0
08/31/2011,August,Scrap Metal,0
08/31/2011,August,Recycled Tires,19
08/31/2011,August,Yard Waste,0
08/31/2011,August,Asphalt Debris,7000
08/31/2011,August,Sidewalk Debris,800
08/31/2011,August,Haz Waste,0
08/31/2011,August,E-Waste,0
08/31/2011,August,Curb Garbage,9715
08/31/2011,August,Misc. Garbage,2687
09/30/2011,September,Curb Recycling,756
09/30/2011,September,Misc. Recycling,0
09/30/2011,September,Bottle Bill,0
09/30/2011,September,Scrap Metal,0
09/30/2011,September,Recycled Tires,34
09/30/2011,September,Yard Waste,0
09/30/2011,September,Asphalt Debris,8000
09/30/2011,September,Sidewalk Debris,1200
09/30/2011,September,Haz Waste,0
09/30/2011,September,E-Waste,0
09/30/2011,September,Curb Garbage,9115
09/30/2011,September,Misc. Garbage,2681
10/31/2011,October,Curb Recycling,731
10/31/2011,October,Misc. Recycling,0
10/31/2011,October,Bottle Bill,0
10/31/2011,October,Scrap Metal,0
10/31/2011,October,Recycled Tires,22
10/31/2011,October,Yard Waste,0
10/31/2011,October,Asphalt Debris,7500
10/31/2011,October,Sidewalk Debris,1100
10/31/2011,October,Haz Waste,0
10/31/2011,October,E-Waste,0
10/31/2011,October,Curb Garbage,8478
10/31/2011,October,Misc. Garbage,1914
11/30/2011,November,Curb Recycling,781
11/30/2011,November,Misc. Recycling,0
11/30/2011,November,Bottle Bill,0
11/30/2011,November,Scrap Metal,0
11/30/2011,November,Recycled Tires,25
11/30/2011,November,Yard Waste,0
11/30/2011,November,Asphalt Debris,5500
11/30/2011,November,Sidewalk Debris,800
11/30/2011,November,Haz Waste,0
11/30/2011,November,E-Waste,0
11/30/2011,November,Curb Garbage,8870
11/30/2011,November,Misc. Garbage,1165
12/31/2011,December,Curb Recycling,871
12/31/2011,December,Misc. Recycling,1
12/31/2011,December,Bottle Bill,0
12/31/2011,December,Scrap Metal,0
12/31/2011,December,Recycled Tires,20
12/31/2011,December,Yard Waste,339
12/31/2011,December,Asphalt Debris,0
12/31/2011,December,Sidewalk Debris,0
12/31/2011,December,Haz Waste,0
12/31/2011,December,E-Waste,0
12/31/2011,December,Curb Garbage,7752
12/31/2011,December,Misc. Garbage,1060
01/31/2012,January,Curb Recycling,888
01/31/2012,January,Misc. Recycling,0
01/31/2012,January,Bottle Bill,0
01/31/2012,January,Scrap Metal,0
01/31/2012,January,Recycled Tires,29
01/31/2012,January,Yard Waste,461
01/31/2012,January,Asphalt Debris,0
01/31/2012,January,Sidewalk Debris,0
01/31/2012,January,Haz Waste,0
01/31/2012,January,E-Waste,0
01/31/2012,January,Curb Garbage,7248
01/31/2012,January,Misc. Garbage,571
02/28/2012,February,Curb Recycling,964
02/28/2012,February,Misc. Recycling,4
02/28/2012,February,Bottle Bill,0
02/28/2012,February,Scrap Metal,0
02/28/2012,February,Recycled Tires,25
02/28/2012,February,Yard Waste,978
02/28/2012,February,Asphalt Debris,0
02/28/2012,February,Sidewalk Debris,0
02/28/2012,February,Haz Waste,0
02/28/2012,February,E-Waste,0
02/28/2012,February,Curb Garbage,6555
02/28/2012,February,Misc. Garbage,1135
03/31/2012,March,Curb Recycling,1081
03/31/2012,March,Misc. Recycling,1
03/31/2012,March,Bottle Bill,0
03/31/2012,March,Scrap Metal,0
03/31/2012,March,Recycled Tires,30
03/31/2012,March,Yard Waste,551
03/31/2012,March,Asphalt Debris,0
03/31/2012,March,Sidewalk Debris,0
03/31/2012,March,Haz Waste,0
03/31/2012,March,E-Waste,1
03/31/2012,March,Curb Garbage,8055
03/31/2012,March,Misc. Garbage,1782
04/30/2012,April,Curb Recycling,1029
04/30/2012,April,Misc. Recycling,0
04/30/2012,April,Bottle Bill,0
04/30/2012,April,Scrap Metal,0
04/30/2012,April,Recycled Tires,40
04/30/2012,April,Yard Waste,0
04/30/2012,April,Asphalt Debris,7000
04/30/2012,April,Sidewalk Debris,0
04/30/2012,April,Haz Waste,0
04/30/2012,April,E-Waste,14
04/30/2012,April,Curb Garbage,7475
04/30/2012,April,Misc. Garbage,2131
05/31/2012,May,Curb Recycling,1206
05/31/2012,May,Misc. Recycling,1
05/31/2012,May,Bottle Bill,0
05/31/2012,May,Scrap Metal,0
05/31/2012,May,Recycled Tires,50
05/31/2012,May,Yard Waste,0
05/31/2012,May,Asphalt Debris,8500
05/31/2012,May,Sidewalk Debris,0
05/31/2012,May,Haz Waste,0
05/31/2012,May,E-Waste,9
05/31/2012,May,Curb Garbage,9854
05/31/2012,May,Misc. Garbage,2753
06/30/2012,June,Curb Recycling,1123
06/30/2012,June,Misc. Recycling,1
06/30/2012,June,Bottle Bill,0
06/30/2012,June,Scrap Metal,0
06/30/2012,June,Recycled Tires,30
06/30/2012,June,Yard Waste,451
06/30/2012,June,Asphalt Debris,9000
06/30/2012,June,Sidewalk Debris,550
06/30/2012,June,Haz Waste,0
06/30/2012,June,E-Waste,25
06/30/2012,June,Curb Garbage,8717
06/30/2012,June,Misc. Garbage,2817
07/31/2012,July,Curb Recycling,1077
07/31/2012,July,Misc. Recycling,2
07/31/2012,July,Bottle Bill,0
07/31/2012,July,Scrap Metal,0
07/31/2012,July,Recycled Tires,20
07/31/2012,July,Yard Waste,489
07/31/2012,July,Asphalt Debris,9500
07/31/2012,July,Sidewalk Debris,850
07/31/2012,July,Haz Waste,0
07/31/2012,July,E-Waste,21
07/31/2012,July,Curb Garbage,8361
07/31/2012,July,Misc. Garbage,1658
08/31/2012,August,Curb Recycling,1152
08/31/2012,August,Misc. Recycling,0
08/31/2012,August,Bottle Bill,0
08/31/2012,August,Scrap Metal,0
08/31/2012,August,Recycled Tires,31
08/31/2012,August,Yard Waste,0
08/31/2012,August,Asphalt Debris,9500
08/31/2012,August,Sidewalk Debris,1300
08/31/2012,August,Haz Waste,0
08/31/2012,August,E-Waste,41
08/31/2012,August,Curb Garbage,8583
08/31/2012,August,Misc. Garbage,1944
09/30/2012,September,Curb Recycling,1058
09/30/2012,September,Misc. Recycling,1
09/30/2012,September,Bottle Bill,0
09/30/2012,September,Scrap Metal,0
09/30/2012,September,Recycled Tires,23
09/30/2012,September,Yard Waste,0
09/30/2012,September,Asphalt Debris,9000
09/30/2012,September,Sidewalk Debris,1200
09/30/2012,September,Haz Waste,0
09/30/2012,September,E-Waste,29
09/30/2012,September,Curb Garbage,7409
09/30/2012,September,Misc. Garbage,2434
10/31/2012,October,Curb Recycling,1201
10/31/2012,October,Misc. Recycling,1
10/31/2012,October,Bottle Bill,0
10/31/2012,October,Scrap Metal,0
10/31/2012,October,Recycled Tires,26
10/31/2012,October,Yard Waste,0
10/31/2012,October,Asphalt Debris,7500
10/31/2012,October,Sidewalk Debris,800
10/31/2012,October,Haz Waste,6
10/31/2012,October,E-Waste,34
10/31/2012,October,Curb Garbage,8450
10/31/2012,October,Misc. Garbage,1660
11/30/2012,November,Curb Recycling,1265
11/30/2012,November,Misc. Recycling,1
11/30/2012,November,Bottle Bill,0
11/30/2012,November,Scrap Metal,0
11/30/2012,November,Recycled Tires,18
11/30/2012,November,Yard Waste,550
11/30/2012,November,Asphalt Debris,0
11/30/2012,November,Sidewalk Debris,300
11/30/2012,November,Haz Waste,0
11/30/2012,November,E-Waste,16
11/30/2012,November,Curb Garbage,7716
11/30/2012,November,Misc. Garbage,1112
12/31/2012,December,Curb Recycling,1133
12/31/2012,December,Misc. Recycling,2
12/31/2012,December,Bottle Bill,0
12/31/2012,December,Scrap Metal,0
12/31/2012,December,Recycled Tires,21
12/31/2012,December,Yard Waste,1000
12/31/2012,December,Asphalt Debris,0
12/31/2012,December,Sidewalk Debris,0
12/31/2012,December,Haz Waste,0
12/31/2012,December,E-Waste,25
12/31/2012,December,Curb Garbage,6622
12/31/2012,December,Misc. Garbage,951
01/31/2013,January,Curb Recycling,1193
01/31/2013,January,Misc. Recycling,3
01/31/2013,January,Bottle Bill,0
01/31/2013,January,Scrap Metal,337
01/31/2013,January,Recycled Tires,16
01/31/2013,January,Yard Waste,676
01/31/2013,January,Asphalt Debris,5000
01/31/2013,January,Sidewalk Debris,417
01/31/2013,January,Haz Waste,0
01/31/2013,January,E-Waste,33
01/31/2013,January,Curb Garbage,7436
01/31/2013,January,Misc. Garbage,69
02/28/2013,February,Curb Recycling,946
02/28/2013,February,Misc. Recycling,3
02/28/2013,February,Bottle Bill,0
02/28/2013,February,Scrap Metal,337
02/28/2013,February,Recycled Tires,24
02/28/2013,February,Yard Waste,527
02/28/2013,February,Asphalt Debris,5000
02/28/2013,February,Sidewalk Debris,417
02/28/2013,February,Haz Waste,0
02/28/2013,February,E-Waste,31
02/28/2013,February,Curb Garbage,6160
02/28/2013,February,Misc. Garbage,117
03/31/2013,March,Curb Recycling,1046
03/31/2013,March,Misc. Recycling,6
03/31/2013,March,Bottle Bill,0
03/31/2013,March,Scrap Metal,338
03/31/2013,March,Recycled Tires,14
03/31/2013,March,Yard Waste,720
03/31/2013,March,Asphalt Debris,5000
03/31/2013,March,Sidewalk Debris,417
03/31/2013,March,Haz Waste,0
03/31/2013,March,E-Waste,26
03/31/2013,March,Curb Garbage,7307
03/31/2013,March,Misc. Garbage,175
04/30/2013,April,Curb Recycling,1178
04/30/2013,April,Misc. Recycling,4
04/30/2013,April,Bottle Bill,0
04/30/2013,April,Scrap Metal,340
04/30/2013,April,Recycled Tires,46
04/30/2013,April,Yard Waste,0
04/30/2013,April,Asphalt Debris,5000
04/30/2013,April,Sidewalk Debris,417
04/30/2013,April,Haz Waste,0
04/30/2013,April,E-Waste,35
04/30/2013,April,Curb Garbage,10904
04/30/2013,April,Misc. Garbage,214
05/31/2013,May,Curb Recycling,1262
05/31/2013,May,Misc. Recycling,4
05/31/2013,May,Bottle Bill,0
05/31/2013,May,Scrap Metal,336
05/31/2013,May,Recycled Tires,39
05/31/2013,May,Yard Waste,0
05/31/2013,May,Asphalt Debris,5000
05/31/2013,May,Sidewalk Debris,417
05/31/2013,May,Haz Waste,0
05/31/2013,May,E-Waste,65
05/31/2013,May,Curb Garbage,12594
05/31/2013,May,Misc. Garbage,275
06/30/2013,June,Curb Recycling,1205
06/30/2013,June,Misc. Recycling,5
06/30/2013,June,Bottle Bill,0
06/30/2013,June,Scrap Metal,337
06/30/2013,June,Recycled Tires,23
06/30/2013,June,Yard Waste,0
06/30/2013,June,Asphalt Debris,5000
06/30/2013,June,Sidewalk Debris,417
06/30/2013,June,Haz Waste,7
06/30/2013,June,E-Waste,50
06/30/2013,June,Curb Garbage,11232
06/30/2013,June,Misc. Garbage,260
07/31/2013,July,Curb Recycling,1218
07/31/2013,July,Misc. Recycling,5
07/31/2013,July,Bottle Bill,0
07/31/2013,July,Scrap Metal,336
07/31/2013,July,Recycled Tires,24
07/31/2013,July,Yard Waste,0
07/31/2013,July,Asphalt Debris,5000
07/31/2013,July,Sidewalk Debris,417
07/31/2013,July,Haz Waste,0
07/31/2013,July,E-Waste,34
07/31/2013,July,Curb Garbage,11073
07/31/2013,July,Misc. Garbage,301
08/31/2013,August,Curb Recycling,1179
08/31/2013,August,Misc. Recycling,2
08/31/2013,August,Bottle Bill,0
08/31/2013,August,Scrap Metal,343
08/31/2013,August,Recycled Tires,46
08/31/2013,August,Yard Waste,1319
08/31/2013,August,Asphalt Debris,5000
08/31/2013,August,Sidewalk Debris,417
08/31/2013,August,Haz Waste,0
08/31/2013,August,E-Waste,44
08/31/2013,August,Curb Garbage,10999
08/31/2013,August,Misc. Garbage,314
09/30/2013,September,Curb Recycling,1133
09/30/2013,September,Misc. Recycling,11
09/30/2013,September,Bottle Bill,0
09/30/2013,September,Scrap Metal,337
09/30/2013,September,Recycled Tires,23
09/30/2013,September,Yard Waste,847
09/30/2013,September,Asphalt Debris,5000
09/30/2013,September,Sidewalk Debris,417
09/30/2013,September,Haz Waste,0
09/30/2013,September,E-Waste,32
09/30/2013,September,Curb Garbage,10412
09/30/2013,September,Misc. Garbage,223
10/31/2013,October,Curb Recycling,1275
10/31/2013,October,Misc. Recycling,9
10/31/2013,October,Bottle Bill,0
10/31/2013,October,Scrap Metal,336
10/31/2013,October,Recycled Tires,48
10/31/2013,October,Yard Waste,0
10/31/2013,October,Asphalt Debris,5000
10/31/2013,October,Sidewalk Debris,417
10/31/2013,October,Haz Waste,0
10/31/2013,October,E-Waste,35
10/31/2013,October,Curb Garbage,10047
10/31/2013,October,Misc. Garbage,63
11/30/2013,November,Curb Recycling,1166
11/30/2013,November,Misc. Recycling,6
11/30/2013,November,Bottle Bill,0
11/30/2013,November,Scrap Metal,342
11/30/2013,November,Recycled Tires,18
11/30/2013,November,Yard Waste,1204
11/30/2013,November,Asphalt Debris,5000
11/30/2013,November,Sidewalk Debris,417
11/30/2013,November,Haz Waste,0
11/30/2013,November,E-Waste,18
11/30/2013,November,Curb Garbage,8015
11/30/2013,November,Misc. Garbage,92
12/31/2013,December,Curb Recycling,1305
12/31/2013,December,Misc. Recycling,5
12/31/2013,December,Bottle Bill,0
12/31/2013,December,Scrap Metal,338
12/31/2013,December,Recycled Tires,14
12/31/2013,December,Yard Waste,230
12/31/2013,December,Asphalt Debris,5000
12/31/2013,December,Sidewalk Debris,417
12/31/2013,December,Haz Waste,0
12/31/2013,December,E-Waste,9
12/31/2013,December,Curb Garbage,7677
12/31/2013,December,Misc. Garbage,82
01/31/2014,January,Curb Recycling,1171
01/31/2014,January,Misc. Recycling,2
01/31/2014,January,Bottle Bill,317
01/31/2014,January,Scrap Metal,336
01/31/2014,January,Recycled Tires,6
01/31/2014,January,Yard Waste,145
01/31/2014,January,Asphalt Debris,5000
01/31/2014,January,Sidewalk Debris,417
01/31/2014,January,Haz Waste,0
01/31/2014,January,E-Waste,21
01/31/2014,January,Curb Garbage,7239
01/31/2014,January,Misc. Garbage,594
02/28/2014,February,Curb Recycling,980
02/28/2014,February,Misc. Recycling,4
02/28/2014,February,Bottle Bill,317
02/28/2014,February,Scrap Metal,336
02/28/2014,February,Recycled Tires,3
02/28/2014,February,Yard Waste,0
02/28/2014,February,Asphalt Debris,5000
02/28/2014,February,Sidewalk Debris,417
02/28/2014,February,Haz Waste,0
02/28/2014,February,E-Waste,34
02/28/2014,February,Curb Garbage,5793
02/28/2014,February,Misc. Garbage,62
03/31/2014,March,Curb Recycling,1118
03/31/2014,March,Misc. Recycling,2
03/31/2014,March,Bottle Bill,317
03/31/2014,March,Scrap Metal,336
03/31/2014,March,Recycled Tires,23
03/31/2014,March,Yard Waste,0
03/31/2014,March,Asphalt Debris,5000
03/31/2014,March,Sidewalk Debris,417
03/31/2014,March,Haz Waste,0
03/31/2014,March,E-Waste,14
03/31/2014,March,Curb Garbage,7482
03/31/2014,March,Misc. Garbage,79
04/30/2014,April,Curb Recycling,1253
04/30/2014,April,Misc. Recycling,6
04/30/2014,April,Bottle Bill,317
04/30/2014,April,Scrap Metal,336
04/30/2014,April,Recycled Tires,15
04/30/2014,April,Yard Waste,0
04/30/2014,April,Asphalt Debris,5000
04/30/2014,April,Sidewalk Debris,417
04/30/2014,April,Haz Waste,0
04/30/2014,April,E-Waste,30
04/30/2014,April,Curb Garbage,11564
04/30/2014,April,Misc. Garbage,171
05/31/2014,May,Curb Recycling,1311
05/31/2014,May,Misc. Recycling,3
05/31/2014,May,Bottle Bill,317
05/31/2014,May,Scrap Metal,336
05/31/2014,May,Recycled Tires,38
05/31/2014,May,Yard Waste,0
05/31/2014,May,Asphalt Debris,5000
05/31/2014,May,Sidewalk Debris,417
05/31/2014,May,Haz Waste,0
05/31/2014,May,E-Waste,69
05/31/2014,May,Curb Garbage,12375
05/31/2014,May,Misc. Garbage,190
06/30/2014,June,Curb Recycling,1239
06/30/2014,June,Misc. Recycling,3
06/30/2014,June,Bottle Bill,317
06/30/2014,June,Scrap Metal,336
06/30/2014,June,Recycled Tires,22
06/30/2014,June,Yard Waste,0
06/30/2014,June,Asphalt Debris,5000
06/30/2014,June,Sidewalk Debris,417
06/30/2014,June,Haz Waste,11
06/30/2014,June,E-Waste,70
06/30/2014,June,Curb Garbage,11770
06/30/2014,June,Misc. Garbage,226
07/31/2014,July,Curb Recycling,1306
07/31/2014,July,Misc. Recycling,5
07/31/2014,July,Bottle Bill,317
07/31/2014,July,Scrap Metal,336
07/31/2014,July,Recycled Tires,21
07/31/2014,July,Yard Waste,0
07/31/2014,July,Asphalt Debris,5000
07/31/2014,July,Sidewalk Debris,417
07/31/2014,July,Haz Waste,0
07/31/2014,July,E-Waste,44
07/31/2014,July,Curb Garbage,10818
07/31/2014,July,Misc. Garbage,243
08/31/2014,August,Curb Recycling,1178
08/31/2014,August,Misc. Recycling,5
08/31/2014,August,Bottle Bill,317
08/31/2014,August,Scrap Metal,336
08/31/2014,August,Recycled Tires,23
08/31/2014,August,Yard Waste,0
08/31/2014,August,Asphalt Debris,5000
08/31/2014,August,Sidewalk Debris,417
08/31/2014,August,Haz Waste,0
08/31/2014,August,E-Waste,48
08/31/2014,August,Curb Garbage,10623
08/31/2014,August,Misc. Garbage,340
09/30/2014,September,Curb Recycling,1226
09/30/2014,September,Misc. Recycling,2
09/30/2014,September,Bottle Bill,317
09/30/2014,September,Scrap Metal,336
09/30/2014,September,Recycled Tires,20
09/30/2014,September,Yard Waste,828
09/30/2014,September,Asphalt Debris,5000
09/30/2014,September,Sidewalk Debris,417
09/30/2014,September,Haz Waste,0
09/30/2014,September,E-Waste,40
09/30/2014,September,Curb Garbage,10628
09/30/2014,September,Misc. Garbage,167
10/31/2014,October,Curb Recycling,1324
10/31/2014,October,Misc. Recycling,4
10/31/2014,October,Bottle Bill,317
10/31/2014,October,Scrap Metal,336
10/31/2014,October,Recycled Tires,20
10/31/2014,October,Yard Waste,64
10/31/2014,October,Asphalt Debris,5000
10/31/2014,October,Sidewalk Debris,417
10/31/2014,October,Haz Waste,26
10/31/2014,October,E-Waste,41
10/31/2014,October,Curb Garbage,9776
10/31/2014,October,Misc. Garbage,163
11/30/2014,November,Curb Recycling,1058
11/30/2014,November,Misc. Recycling,4
11/30/2014,November,Bottle Bill,317
11/30/2014,November,Scrap Metal,336
11/30/2014,November,Recycled Tires,11
11/30/2014,November,Yard Waste,287
11/30/2014,November,Asphalt Debris,5000
11/30/2014,November,Sidewalk Debris,417
11/30/2014,November,Haz Waste,0
11/30/2014,November,E-Waste,9
11/30/2014,November,Curb Garbage,6530
11/30/2014,November,Misc. Garbage,80
12/31/2014,December,Curb Recycling,1505
12/31/2014,December,Misc. Recycling,4872
12/31/2014,December,Bottle Bill,317
12/31/2014,December,Scrap Metal,444
12/31/2014,December,Recycled Tires,10
12/31/2014,December,Yard Waste,4544
12/31/2014,December,Asphalt Debris,5000
12/31/2014,December,Sidewalk Debris,417
12/31/2014,December,Haz Waste,0
12/31/2014,December,E-Waste,49
12/31/2014,December,Curb Garbage,8511
12/31/2014,December,Misc. Garbage,66
01/31/2015,January,Curb Recycling,1141
01/31/2015,January,Misc. Recycling,2
01/31/2015,January,Bottle Bill,317
01/31/2015,January,Scrap Metal,338
01/31/2015,January,Recycled Tires,8
01/31/2015,January,Yard Waste,0
01/31/2015,January,Asphalt Debris,0
01/31/2015,January,Sidewalk Debris,0
01/31/2015,January,Haz Waste,0
01/31/2015,January,E-Waste,17
01/31/2015,January,Curb Garbage,5726
01/31/2015,January,Misc. Garbage,1938
02/28/2015,February,Curb Recycling,816
02/28/2015,February,Misc. Recycling,3
02/28/2015,February,Bottle Bill,317
02/28/2015,February,Scrap Metal,336
02/28/2015,February,Recycled Tires,3
02/28/2015,February,Yard Waste,0
02/28/2015,February,Asphalt Debris,0
02/28/2015,February,Sidewalk Debris,0
02/28/2015,February,Haz Waste,0
02/28/2015,February,E-Waste,9
02/28/2015,February,Curb Garbage,4819
02/28/2015,February,Misc. Garbage,504
03/31/2015,March,Curb Recycling,1230
03/31/2015,March,Misc. Recycling,3
03/31/2015,March,Bottle Bill,317
03/31/2015,March,Scrap Metal,336
03/31/2015,March,Recycled Tires,12
03/31/2015,March,Yard Waste,0
03/31/2015,March,Asphalt Debris,0
03/31/2015,March,Sidewalk Debris,0
03/31/2015,March,Haz Waste,0
03/31/2015,March,E-Waste,20
03/31/2015,March,Curb Garbage,6399
03/31/2015,March,Misc. Garbage,1140
04/30/2015,April,Curb Recycling,1313
04/30/2015,April,Misc. Recycling,4
04/30/2015,April,Bottle Bill,317
04/30/2015,April,Scrap Metal,336
04/30/2015,April,Recycled Tires,33
04/30/2015,April,Yard Waste,0
04/30/2015,April,Asphalt Debris,0
04/30/2015,April,Sidewalk Debris,0
04/30/2015,April,Haz Waste,0
04/30/2015,April,E-Waste,50
04/30/2015,April,Curb Garbage,8236
04/30/2015,April,Misc. Garbage,4230
05/31/2015,May,Curb Recycling,1276
05/31/2015,May,Misc. Recycling,2
05/31/2015,May,Bottle Bill,317
05/31/2015,May,Scrap Metal,336
05/31/2015,May,Recycled Tires,47
05/31/2015,May,Yard Waste,0
05/31/2015,May,Asphalt Debris,0
05/31/2015,May,Sidewalk Debris,0
05/31/2015,May,Haz Waste,0
05/31/2015,May,E-Waste,49
05/31/2015,May,Curb Garbage,8522
05/31/2015,May,Misc. Garbage,4041
06/30/2015,June,Curb Recycling,1349
06/30/2015,June,Misc. Recycling,2
06/30/2015,June,Bottle Bill,317
06/30/2015,June,Scrap Metal,336
06/30/2015,June,Recycled Tires,32
06/30/2015,June,Yard Waste,0
06/30/2015,June,Asphalt Debris,0
06/30/2015,June,Sidewalk Debris,0
06/30/2015,June,Haz Waste,0
06/30/2015,June,E-Waste,47
06/30/2015,June,Curb Garbage,8908
06/30/2015,June,Misc. Garbage,3202
07/31/2015,July,Curb Recycling,1343
07/31/2015,July,Misc. Recycling,2
07/31/2015,July,Bottle Bill,317
07/31/2015,July,Scrap Metal,336
07/31/2015,July,Recycled Tires,32
07/31/2015,July,Yard Waste,0
07/31/2015,July,Asphalt Debris,0
07/31/2015,July,Sidewalk Debris,0
07/31/2015,July,Haz Waste,12
07/31/2015,July,E-Waste,59
07/31/2015,July,Curb Garbage,9001
07/31/2015,July,Misc. Garbage,2023
08/31/2015,August,Curb Recycling,1226
08/31/2015,August,Misc. Recycling,10
08/31/2015,August,Bottle Bill,317
08/31/2015,August,Scrap Metal,336
08/31/2015,August,Recycled Tires,22
08/31/2015,August,Yard Waste,0
08/31/2015,August,Asphalt Debris,0
08/31/2015,August,Sidewalk Debris,0
08/31/2015,August,Haz Waste,0
08/31/2015,August,E-Waste,40
08/31/2015,August,Curb Garbage,7626
08/31/2015,August,Misc. Garbage,3325
09/30/2015,September,Curb Recycling,1260
09/30/2015,September,Misc. Recycling,10
09/30/2015,September,Bottle Bill,317
09/30/2015,September,Scrap Metal,336
09/30/2015,September,Recycled Tires,33
09/30/2015,September,Yard Waste,0
09/30/2015,September,Asphalt Debris,0
09/30/2015,September,Sidewalk Debris,0
09/30/2015,September,Haz Waste,0
09/30/2015,September,E-Waste,36
09/30/2015,September,Curb Garbage,7806
09/30/2015,September,Misc. Garbage,2068
10/31/2015,October,Curb Recycling,1236
10/31/2015,October,Misc. Recycling,10
10/31/2015,October,Bottle Bill,317
10/31/2015,October,Scrap Metal,336
10/31/2015,October,Recycled Tires,25
10/31/2015,October,Yard Waste,678
10/31/2015,October,Asphalt Debris,0
10/31/2015,October,Sidewalk Debris,0
10/31/2015,October,Haz Waste,12
10/31/2015,October,E-Waste,33
10/31/2015,October,Curb Garbage,7488
10/31/2015,October,Misc. Garbage,1742
11/30/2015,November,Curb Recycling,1277
11/30/2015,November,Misc. Recycling,10
11/30/2015,November,Bottle Bill,317
11/30/2015,November,Scrap Metal,336
11/30/2015,November,Recycled Tires,7
11/30/2015,November,Yard Waste,255
11/30/2015,November,Asphalt Debris,0
11/30/2015,November,Sidewalk Debris,0
11/30/2015,November,Haz Waste,0
11/30/2015,November,E-Waste,22
11/30/2015,November,Curb Garbage,7073
11/30/2015,November,Misc. Garbage,1150
12/31/2015,December,Curb Recycling,1477
12/31/2015,December,Misc. Recycling,5100
12/31/2015,December,Bottle Bill,317
12/31/2015,December,Scrap Metal,444
12/31/2015,December,Recycled Tires,25
12/31/2015,December,Yard Waste,10500
12/31/2015,December,Asphalt Debris,0
12/31/2015,December,Sidewalk Debris,0
12/31/2015,December,Haz Waste,0
12/31/2015,December,E-Waste,46
12/31/2015,December,Curb Garbage,7332
12/31/2015,December,Misc. Garbage,1679
01/31/2016,January,Curb Recycling,1193
01/31/2016,January,Misc. Recycling,10
01/31/2016,January,Bottle Bill,317
01/31/2016,January,Scrap Metal,338
01/31/2016,January,Recycled Tires,12
01/31/2016,January,Yard Waste,900
01/31/2016,January,Asphalt Debris,0
01/31/2016,January,Sidewalk Debris,0
01/31/2016,January,Haz Waste,0
01/31/2016,January,E-Waste,33
01/31/2016,January,Curb Garbage,5613
01/31/2016,January,Misc. Garbage,658
02/28/2016,February,Curb Recycling,1164
02/28/2016,February,Misc. Recycling,10
02/28/2016,February,Bottle Bill,317
02/28/2016,February,Scrap Metal,338
02/28/2016,February,Recycled Tires,17
02/28/2016,February,Yard Waste,900
02/28/2016,February,Asphalt Debris,0
02/28/2016,February,Sidewalk Debris,0
02/28/2016,February,Haz Waste,0
02/28/2016,February,E-Waste,23
02/28/2016,February,Curb Garbage,5573
02/28/2016,February,Misc. Garbage,1026
03/31/2016,March,Curb Recycling,1319
03/31/2016,March,Misc. Recycling,10
03/31/2016,March,Bottle Bill,317
03/31/2016,March,Scrap Metal,338
03/31/2016,March,Recycled Tires,33
03/31/2016,March,Yard Waste,900
03/31/2016,March,Asphalt Debris,0
03/31/2016,March,Sidewalk Debris,0
03/31/2016,March,Haz Waste,0
03/31/2016,March,E-Waste,32
03/31/2016,March,Curb Garbage,7004
03/31/2016,March,Misc. Garbage,1328
04/30/2016,April,Curb Recycling,1229
04/30/2016,April,Misc. Recycling,10
04/30/2016,April,Bottle Bill,317
04/30/2016,April,Scrap Metal,338
04/30/2016,April,Recycled Tires,7
04/30/2016,April,Yard Waste,900
04/30/2016,April,Asphalt Debris,0
04/30/2016,April,Sidewalk Debris,0
04/30/2016,April,Haz Waste,0
04/30/2016,April,E-Waste,22
04/30/2016,April,Curb Garbage,6941
04/30/2016,April,Misc. Garbage,2643
05/31/2016,May,Curb Recycling,1327
05/31/2016,May,Misc. Recycling,10
05/31/2016,May,Bottle Bill,317
05/31/2016,May,Scrap Metal,338
05/31/2016,May,Recycled Tires,45
05/31/2016,May,Yard Waste,900
05/31/2016,May,Asphalt Debris,0
05/31/2016,May,Sidewalk Debris,0
05/31/2016,May,Haz Waste,0
05/31/2016,May,E-Waste,61
05/31/2016,May,Curb Garbage,8258
05/31/2016,May,Misc. Garbage,3251
06/30/2016,June,Curb Recycling,1342
06/30/2016,June,Misc. Recycling,10
06/30/2016,June,Bottle Bill,317
06/30/2016,June,Scrap Metal,338
06/30/2016,June,Recycled Tires,31
06/30/2016,June,Yard Waste,900
06/30/2016,June,Asphalt Debris,0
06/30/2016,June,Sidewalk Debris,0
06/30/2016,June,Haz Waste,12
06/30/2016,June,E-Waste,63
06/30/2016,June,Curb Garbage,8271
06/30/2016,June,Misc. Garbage,2135
07/31/2016,July,Curb Recycling,1239
07/31/2016,July,Misc. Recycling,10
07/31/2016,July,Bottle Bill,317
07/31/2016,July,Scrap Metal,338
07/31/2016,July,Recycled Tires,18
07/31/2016,July,Yard Waste,900
07/31/2016,July,Asphalt Debris,0
07/31/2016,July,Sidewalk Debris,0
07/31/2016,July,Haz Waste,0
07/31/2016,July,E-Waste,39
07/31/2016,July,Curb Garbage,7389
07/31/2016,July,Misc. Garbage,857
08/31/2016,August,Curb Recycling,1348
08/31/2016,August,Misc. Recycling,10
08/31/2016,August,Bottle Bill,317
08/31/2016,August,Scrap Metal,338
08/31/2016,August,Recycled Tires,28
08/31/2016,August,Yard Waste,900
08/31/2016,August,Asphalt Debris,0
08/31/2016,August,Sidewalk Debris,0
08/31/2016,August,Haz Waste,0
08/31/2016,August,E-Waste,30
08/31/2016,August,Curb Garbage,8096
08/31/2016,August,Misc. Garbage,2376
09/30/2016,September,Curb Recycling,1336
09/30/2016,September,Misc. Recycling,10
09/30/2016,September,Bottle Bill,317
09/30/2016,September,Scrap Metal,338
09/30/2016,September,Recycled Tires,20
09/30/2016,September,Yard Waste,900
09/30/2016,September,Asphalt Debris,0
09/30/2016,September,Sidewalk Debris,0
09/30/2016,September,Haz Waste,0
09/30/2016,September,E-Waste,64
09/30/2016,September,Curb Garbage,7879
09/30/2016,September,Misc. Garbage,1666
10/31/2016,October,Curb Recycling,1214
10/31/2016,October,Misc. Recycling,10
10/31/2016,October,Bottle Bill,317
10/31/2016,October,Scrap Metal,338
10/31/2016,October,Recycled Tires,24
10/31/2016,October,Yard Waste,900
10/31/2016,October,Asphalt Debris,0
10/31/2016,October,Sidewalk Debris,0
10/31/2016,October,Haz Waste,7
10/31/2016,October,E-Waste,47
10/31/2016,October,Curb Garbage,8294
10/31/2016,October,Misc. Garbage,2591
11/30/2016,November,Curb Recycling,1341
11/30/2016,November,Misc. Recycling,10
11/30/2016,November,Bottle Bill,317
11/30/2016,November,Scrap Metal,338
11/30/2016,November,Recycled Tires,16
11/30/2016,November,Yard Waste,900
11/30/2016,November,Asphalt Debris,0
11/30/2016,November,Sidewalk Debris,0
11/30/2016,November,Haz Waste,0
11/30/2016,November,E-Waste,20
11/30/2016,November,Curb Garbage,7301
11/30/2016,November,Misc. Garbage,672
12/31/2016,December,Curb Recycling,1420
12/31/2016,December,Misc. Recycling,4810
12/31/2016,December,Bottle Bill,317
12/31/2016,December,Scrap Metal,738
12/31/2016,December,Recycled Tires,5
12/31/2016,December,Yard Waste,900
12/31/2016,December,Asphalt Debris,0
12/31/2016,December,Sidewalk Debris,0
12/31/2016,December,Haz Waste,
12/31/2016,December,E-Waste,48
12/31/2016,December,Curb Garbage,6706
12/31/2016,December,Misc. Garbage,640
01/31/2017,January,Curb Recycling,1329
01/31/2017,January,Misc. Recycling,10
01/31/2017,January,Bottle Bill,317
01/31/2017,January,Scrap Metal,332
01/31/2017,January,Recycled Tires,41
01/31/2017,January,Yard Waste,1000
01/31/2017,January,Asphalt Debris,0
01/31/2017,January,Sidewalk Debris,0
01/31/2017,January,Haz Waste,0
01/31/2017,January,E-Waste,36
01/31/2017,January,Curb Garbage,6549
01/31/2017,January,Misc. Garbage,589
02/28/2017,February,Curb Recycling,1131
02/28/2017,February,Misc. Recycling,10
02/28/2017,February,Bottle Bill,317
02/28/2017,February,Scrap Metal,332
02/28/2017,February,Recycled Tires,28
02/28/2017,February,Yard Waste,1000
02/28/2017,February,Asphalt Debris,0
02/28/2017,February,Sidewalk Debris,0
02/28/2017,February,Haz Waste,0
02/28/2017,February,E-Waste,28
02/28/2017,February,Curb Garbage,5659
02/28/2017,February,Misc. Garbage,884
03/31/2017,March,Curb Recycling,1363
03/31/2017,March,Misc. Recycling,10
03/31/2017,March,Bottle Bill,317
03/31/2017,March,Scrap Metal,332
03/31/2017,March,Recycled Tires,24
03/31/2017,March,Yard Waste,1000
03/31/2017,March,Asphalt Debris,0
03/31/2017,March,Sidewalk Debris,0
03/31/2017,March,Haz Waste,0
03/31/2017,March,E-Waste,19
03/31/2017,March,Curb Garbage,6629
03/31/2017,March,Misc. Garbage,1175
04/30/2017,April,Curb Recycling,1303
04/30/2017,April,Misc. Recycling,10
04/30/2017,April,Bottle Bill,317
04/30/2017,April,Scrap Metal,332
04/30/2017,April,Recycled Tires,30
04/30/2017,April,Yard Waste,1000
04/30/2017,April,Asphalt Debris,0
04/30/2017,April,Sidewalk Debris,0
04/30/2017,April,Haz Waste,0
04/30/2017,April,E-Waste,28
04/30/2017,April,Curb Garbage,7208
04/30/2017,April,Misc. Garbage,1598
05/31/2017,May,Curb Recycling,1514
05/31/2017,May,Misc. Recycling,10
05/31/2017,May,Bottle Bill,317
05/31/2017,May,Scrap Metal,331
05/31/2017,May,Recycled Tires,32
05/31/2017,May,Yard Waste,1000
05/31/2017,May,Asphalt Debris,0
05/31/2017,May,Sidewalk Debris,0
05/31/2017,May,Haz Waste,0
05/31/2017,May,E-Waste,30
05/31/2017,May,Curb Garbage,8660
05/31/2017,May,Misc. Garbage,2885
06/30/2017,June,Curb Recycling,1468
06/30/2017,June,Misc. Recycling,10
06/30/2017,June,Bottle Bill,317
06/30/2017,June,Scrap Metal,331
06/30/2017,June,Recycled Tires,13
06/30/2017,June,Yard Waste,1000
06/30/2017,June,Asphalt Debris,0
06/30/2017,June,Sidewalk Debris,0
06/30/2017,June,Haz Waste,0
06/30/2017,June,E-Waste,47
06/30/2017,June,Curb Garbage,8582
06/30/2017,June,Misc. Garbage,1962
07/31/2017,July,Curb Recycling,1381
07/31/2017,July,Misc. Recycling,10
07/31/2017,July,Bottle Bill,317
07/31/2017,July,Scrap Metal,331
07/31/2017,July,Recycled Tires,39
07/31/2017,July,Yard Waste,1000
07/31/2017,July,Asphalt Debris,0
07/31/2017,July,Sidewalk Debris,0
07/31/2017,July,Haz Waste,12
07/31/2017,July,E-Waste,39
07/31/2017,July,Curb Garbage,8069
07/31/2017,July,Misc. Garbage,1073
08/31/2017,August,Curb Recycling,1450
08/31/2017,August,Misc. Recycling,10
08/31/2017,August,Bottle Bill,317
08/31/2017,August,Scrap Metal,331
08/31/2017,August,Recycled Tires,25
08/31/2017,August,Yard Waste,1000
08/31/2017,August,Asphalt Debris,0
08/31/2017,August,Sidewalk Debris,0
08/31/2017,August,Haz Waste,0
08/31/2017,August,E-Waste,44
08/31/2017,August,Curb Garbage,8487
08/31/2017,August,Misc. Garbage,2615
09/30/2017,September,Curb Recycling,1315
09/30/2017,September,Misc. Recycling,10
09/30/2017,September,Bottle Bill,317
09/30/2017,September,Scrap Metal,331
09/30/2017,September,Recycled Tires,37
09/30/2017,September,Yard Waste,1000
09/30/2017,September,Asphalt Debris,0
09/30/2017,September,Sidewalk Debris,0
09/30/2017,September,Haz Waste,5
09/30/2017,September,E-Waste,33
09/30/2017,September,Curb Garbage,7301
09/30/2017,September,Misc. Garbage,1618
10/31/2017,October,Curb Recycling,1337
10/31/2017,October,Misc. Recycling,10
10/31/2017,October,Bottle Bill,317
10/31/2017,October,Scrap Metal,331
10/31/2017,October,Recycled Tires,37
10/31/2017,October,Yard Waste,1000
10/31/2017,October,Asphalt Debris,0
10/31/2017,October,Sidewalk Debris,0
10/31/2017,October,Haz Waste,0
10/31/2017,October,E-Waste,36
10/31/2017,October,Curb Garbage,7692
10/31/2017,October,Misc. Garbage,1283
11/30/2017,November,Curb Recycling,1502
11/30/2017,November,Misc. Recycling,10
11/30/2017,November,Bottle Bill,317
11/30/2017,November,Scrap Metal,331
11/30/2017,November,Recycled Tires,11
11/30/2017,November,Yard Waste,1000
11/30/2017,November,Asphalt Debris,0
11/30/2017,November,Sidewalk Debris,0
11/30/2017,November,Haz Waste,0
11/30/2017,November,E-Waste,23
11/30/2017,November,Curb Garbage,7994
11/30/2017,November,Misc. Garbage,434
12/31/2017,December,Curb Recycling,1408
12/31/2017,December,Misc. Recycling,5100
12/31/2017,December,Bottle Bill,317
12/31/2017,December,Scrap Metal,331
12/31/2017,December,Recycled Tires,2
12/31/2017,December,Yard Waste,2300
12/31/2017,December,Asphalt Debris,0
12/31/2017,December,Sidewalk Debris,0
12/31/2017,December,Haz Waste,0
12/31/2017,December,E-Waste,29
12/31/2017,December,Curb Garbage,6401
12/31/2017,December,Misc. Garbage,302
01/31/2018,January,Curb Recycling,1441
01/31/2018,January,Misc. Recycling,10
01/31/2018,January,Bottle Bill,317
01/31/2018,January,Scrap Metal,332
01/31/2018,January,Recycled Tires,15
01/31/2018,January,Yard Waste,0
01/31/2018,January,Asphalt Debris,0
01/31/2018,January,Sidewalk Debris,0
01/31/2018,January,Haz Waste,0
01/31/2018,January,E-Waste,12
01/31/2018,January,Curb Garbage,6792
01/31/2018,January,Misc. Garbage,1223
02/28/2018,February,Curb Recycling,1213
02/28/2018,February,Misc. Recycling,10
02/28/2018,February,Bottle Bill,317
02/28/2018,February,Scrap Metal,332
02/28/2018,February,Recycled Tires,27
02/28/2018,February,Yard Waste,0
02/28/2018,February,Asphalt Debris,0
02/28/2018,February,Sidewalk Debris,0
02/28/2018,February,Haz Waste,0
02/28/2018,February,E-Waste,19
02/28/2018,February,Curb Garbage,5743
02/28/2018,February,Misc. Garbage,589
03/31/2018,March,Curb Recycling,1330
03/31/2018,March,Misc. Recycling,10
03/31/2018,March,Bottle Bill,317
03/31/2018,March,Scrap Metal,332
03/31/2018,March,Recycled Tires,27
03/31/2018,March,Yard Waste,0
03/31/2018,March,Asphalt Debris,0
03/31/2018,March,Sidewalk Debris,0
03/31/2018,March,Haz Waste,0
03/31/2018,March,E-Waste,37
03/31/2018,March,Curb Garbage,6513
03/31/2018,March,Misc. Garbage,648
04/30/2018,April,Curb Recycling,1349
04/30/2018,April,Misc. Recycling,10
04/30/2018,April,Bottle Bill,317
04/30/2018,April,Scrap Metal,332
04/30/2018,April,Recycled Tires,26
04/30/2018,April,Yard Waste,0
04/30/2018,April,Asphalt Debris,0
04/30/2018,April,Sidewalk Debris,0
04/30/2018,April,Haz Waste,0
04/30/2018,April,E-Waste,22
04/30/2018,April,Curb Garbage,7161
04/30/2018,April,Misc. Garbage,2227
05/31/2018,May,Curb Recycling,1561
05/31/2018,May,Misc. Recycling,10
05/31/2018,May,Bottle Bill,317
05/31/2018,May,Scrap Metal,332
05/31/2018,May,Recycled Tires,23
05/31/2018,May,Yard Waste,0
05/31/2018,May,Asphalt Debris,0
05/31/2018,May,Sidewalk Debris,0
05/31/2018,May,Haz Waste,0
05/31/2018,May,E-Waste,32
05/31/2018,May,Curb Garbage,8894
05/31/2018,May,Misc. Garbage,2789
06/30/2018,June,Curb Recycling,1440
06/30/2018,June,Misc. Recycling,10
06/30/2018,June,Bottle Bill,317
06/30/2018,June,Scrap Metal,332
06/30/2018,June,Recycled Tires,19
06/30/2018,June,Yard Waste,0
06/30/2018,June,Asphalt Debris,0
06/30/2018,June,Sidewalk Debris,0
06/30/2018,June,Haz Waste,0
06/30/2018,June,E-Waste,52
06/30/2018,June,Curb Garbage,9223
06/30/2018,June,Misc. Garbage,3611
07/30/2018,July,Curb Recycling,1410
07/30/2018,July,Misc. Recycling,10
07/30/2018,July,Bottle Bill,317
07/30/2018,July,Scrap Metal,332
07/30/2018,July,Recycled Tires,45
07/30/2018,July,Yard Waste,32
07/30/2018,July,Asphalt Debris,0
07/30/2018,July,Sidewalk Debris,0
07/30/2018,July,Haz Waste,10
07/30/2018,July,E-Waste,55
07/30/2018,July,Curb Garbage,7817
07/30/2018,July,Misc. Garbage,890
08/31/2018,August,Curb Recycling,1516
08/31/2018,August,Misc. Recycling,10
08/31/2018,August,Bottle Bill,317
08/31/2018,August,Scrap Metal,332
08/31/2018,August,Recycled Tires,25
08/31/2018,August,Yard Waste,120
08/31/2018,August,Asphalt Debris,0
08/31/2018,August,Sidewalk Debris,0
08/31/2018,August,Haz Waste,0
08/31/2018,August,E-Waste,39
08/31/2018,August,Curb Garbage,8250
08/31/2018,August,Misc. Garbage,2266
09/30/2018,September,Curb Recycling,1296
09/30/2018,September,Misc. Recycling,10
09/30/2018,September,Bottle Bill,317
09/30/2018,September,Scrap Metal,332
09/30/2018,September,Recycled Tires,35
09/30/2018,September,Yard Waste,104
09/30/2018,September,Asphalt Debris,0
09/30/2018,September,Sidewalk Debris,0
09/30/2018,September,Haz Waste,0
09/30/2018,September,E-Waste,54
09/30/2018,September,Curb Garbage,6932
09/30/2018,September,Misc. Garbage,1647
10/31/2018,October,Curb Recycling,1441
10/31/2018,October,Misc. Recycling,10
10/31/2018,October,Bottle Bill,317
10/31/2018,October,Scrap Metal,332
10/31/2018,October,Recycled Tires,23
10/31/2018,October,Yard Waste,505
10/31/2018,October,Asphalt Debris,0
10/31/2018,October,Sidewalk Debris,0
10/31/2018,October,Haz Waste,10
10/31/2018,October,E-Waste,33
10/31/2018,October,Curb Garbage,7663
10/31/2018,October,Misc. Garbage,1460
11/30/2018,November,Curb Recycling,1456
11/30/2018,November,Misc. Recycling,10
11/30/2018,November,Bottle Bill,317
11/30/2018,November,Scrap Metal,332
11/30/2018,November,Recycled Tires,32
11/30/2018,November,Yard Waste,1374
11/30/2018,November,Asphalt Debris,0
11/30/2018,November,Sidewalk Debris,0
11/30/2018,November,Haz Waste,0
11/30/2018,November,E-Waste,28
11/30/2018,November,Curb Garbage,7680
11/30/2018,November,Misc. Garbage,468
12/31/2018,December,Curb Recycling,1473
12/31/2018,December,Misc. Recycling,5100
12/31/2018,December,Bottle Bill,317
12/31/2018,December,Scrap Metal,732
12/31/2018,December,Recycled Tires,10
12/31/2018,December,Yard Waste,8000
12/31/2018,December,Asphalt Debris,0
12/31/2018,December,Sidewalk Debris,0
12/31/2018,December,Haz Waste,0
12/31/2018,December,E-Waste,27
12/31/2018,December,Curb Garbage,6524
12/31/2018,December,Misc. Garbage,376
01/31/2019,January,Curb Recycling,1129
01/31/2019,January,Misc. Recycling,10
01/31/2019,January,Bottle Bill,317
01/31/2019,January,Scrap Metal,332
01/31/2019,January,Recycled Tires,10
01/31/2019,January,Yard Waste,436
01/31/2019,January,Asphalt Debris,0
01/31/2019,January,Sidewalk Debris,0
01/31/2019,January,Haz Waste,0
01/31/2019,January,E-Waste,50
01/31/2019,January,Curb Garbage,5688
01/31/2019,January,Misc. Garbage,246
02/28/2019,February,Curb Recycling,1309
02/28/2019,February,Misc. Recycling,10
02/28/2019,February,Bottle Bill,317
02/28/2019,February,Scrap Metal,332
02/28/2019,February,Recycled Tires,9
02/28/2019,February,Yard Waste,169
02/28/2019,February,Asphalt Debris,0
02/28/2019,February,Sidewalk Debris,0
02/28/2019,February,Haz Waste,0
02/28/2019,February,E-Waste,20
02/28/2019,February,Curb Garbage,5578
02/28/2019,February,Misc. Garbage,226
03/31/2019,March,Curb Recycling,1385
03/31/2019,March,Misc. Recycling,10
03/31/2019,March,Bottle Bill,317
03/31/2019,March,Scrap Metal,332
03/31/2019,March,Recycled Tires,22
03/31/2019,March,Yard Waste,175
03/31/2019,March,Asphalt Debris,0
03/31/2019,March,Sidewalk Debris,0
03/31/2019,March,Haz Waste,0
03/31/2019,March,E-Waste,24
03/31/2019,March,Curb Garbage,6658
03/31/2019,March,Misc. Garbage,652
04/30/2019,April,Curb Recycling,1399
04/30/2019,April,Misc. Recycling,10
04/30/2019,April,Bottle Bill,317
04/30/2019,April,Scrap Metal,332
04/30/2019,April,Recycled Tires,49
04/30/2019,April,Yard Waste,558
04/30/2019,April,Asphalt Debris,0
04/30/2019,April,Sidewalk Debris,0
04/30/2019,April,Haz Waste,0
04/30/2019,April,E-Waste,33
04/30/2019,April,Curb Garbage,7769
04/30/2019,April,Misc. Garbage,2560
05/30/2019,May,Curb Recycling,1566
05/30/2019,May,Misc. Recycling,10
05/30/2019,May,Bottle Bill,317
05/30/2019,May,Scrap Metal,332
05/30/2019,May,Recycled Tires,987
05/30/2019,May,Yard Waste,222
05/30/2019,May,Asphalt Debris,0
05/30/2019,May,Sidewalk Debris,0
05/30/2019,May,Haz Waste,0
05/30/2019,May,E-Waste,37
05/30/2019,May,Curb Garbage,9001
05/30/2019,May,Misc. Garbage,3573
06/30/2019,June,Curb Recycling,1379
06/30/2019,June,Misc. Recycling,10
06/30/2019,June,Bottle Bill,317
06/30/2019,June,Scrap Metal,332
06/30/2019,June,Recycled Tires,17
06/30/2019,June,Yard Waste,129
06/30/2019,June,Asphalt Debris,0
06/30/2019,June,Sidewalk Debris,0
06/30/2019,June,Haz Waste,0
06/30/2019,June,E-Waste,45
06/30/2019,June,Curb Garbage,8104
06/30/2019,June,Misc. Garbage,2379
07/31/2019,July,Curb Recycling,1479
07/31/2019,July,Misc. Recycling,10
07/31/2019,July,Bottle Bill,317
07/31/2019,July,Scrap Metal,332
07/31/2019,July,Recycled Tires,37
07/31/2019,July,Yard Waste,60
07/31/2019,July,Asphalt Debris,0
07/31/2019,July,Sidewalk Debris,0
07/31/2019,July,Haz Waste,0
07/31/2019,July,E-Waste,24
07/31/2019,July,Curb Garbage,8620
07/31/2019,July,Misc. Garbage,1294
08/31/2019,August,Curb Recycling,1414
08/31/2019,August,Misc. Recycling,10
08/31/2019,August,Bottle Bill,317
08/31/2019,August,Scrap Metal,332
08/31/2019,August,Recycled Tires,22
08/31/2019,August,Yard Waste,0
08/31/2019,August,Asphalt Debris,0
08/31/2019,August,Sidewalk Debris,0
08/31/2019,August,Haz Waste,0
08/31/2019,August,E-Waste,23
08/31/2019,August,Curb Garbage,7842
08/31/2019,August,Misc. Garbage,2190
09/30/2019,September,Curb Recycling,1354
09/30/2019,September,Misc. Recycling,10
09/30/2019,September,Bottle Bill,317
09/30/2019,September,Scrap Metal,332
09/30/2019,September,Recycled Tires,23
09/30/2019,September,Yard Waste,0
09/30/2019,September,Asphalt Debris,0
09/30/2019,September,Sidewalk Debris,0
09/30/2019,September,Haz Waste,0
09/30/2019,September,E-Waste,24
09/30/2019,September,Curb Garbage,7481
09/30/2019,September,Misc. Garbage,1963
10/31/2019,October,Curb Recycling,1405
10/31/2019,October,Misc. Recycling,10
10/31/2019,October,Bottle Bill,317
10/31/2019,October,Scrap Metal,332
10/31/2019,October,Recycled Tires,14
10/31/2019,October,Yard Waste,0
10/31/2019,October,Asphalt Debris,0
10/31/2019,October,Sidewalk Debris,0
10/31/2019,October,Haz Waste,0
10/31/2019,October,E-Waste,40
10/31/2019,October,Curb Garbage,7803
10/31/2019,October,Misc. Garbage,1963
11/30/2019,November,Curb Recycling,1279
11/30/2019,November,Misc. Recycling,10
11/30/2019,November,Bottle Bill,317
11/30/2019,November,Scrap Metal,332
11/30/2019,November,Recycled Tires,18
11/30/2019,November,Yard Waste,0
11/30/2019,November,Asphalt Debris,0
11/30/2019,November,Sidewalk Debris,0
11/30/2019,November,Haz Waste,0
11/30/2019,November,E-Waste,18
11/30/2019,November,Curb Garbage,6936
11/30/2019,November,Misc. Garbage,459
